,rating,price,inbuilt memory,battery,display size,display hz,camera,smartphone
0,89.0,61048.89000000001,256.0,5000.0,6.7,120.0,50.0,oneplus 11 5g
1,81.0,22187.79,128.0,5000.0,6.59,120.0,64.0,oneplus nord ce 2 lite 5g
2,75.0,18313.890000000003,64.0,5000.0,6.6,90.0,50.0,samsung galaxy a14 5g
3,81.0,16648.890000000003,128.0,5000.0,6.55,120.0,50.0,motorola moto g62 5g
4,82.0,27748.890000000003,128.0,5000.0,6.7,120.0,108.0,realme 10 pro plus
5,80.0,18868.890000000003,128.0,5000.0,6.6,120.0,50.0,samsung galaxy f23 5g (6gb ram + 128gb)
6,81.0,73258.89,128.0,3279.0,6.1,60.0,12.0,apple iphone 14
7,86.0,33298.89,256.0,4980.0,6.67,120.0,200.0,xiaomi redmi note 12 pro plus
8,85.0,29691.390000000003,128.0,4500.0,6.55,120.0,50.0,nothing phone 1
9,84.0,32188.890000000003,128.0,4500.0,6.43,90.0,50.0,oneplus nord 2t 5g
10,82.0,21088.890000000003,128.0,5000.0,6.72,120.0,108.0,realme 10 pro
11,79.0,21088.890000000003,128.0,5000.0,6.56,90.0,50.0,oppo a78
12,79.0,27485.820000000003,128.0,5000.0,6.67,120.0,50.0,xiaomi redmi note 12 pro 5g
13,80.0,18858.9,128.0,5000.0,6.58,120.0,50.0,vivo t1 5g (6gb ram + 128gb)
14,72.0,127638.9,256.0,5000.0,6.8,120.0,200.0,samsung galaxy s23 ultra 5g
15,79.0,69928.89,128.0,3240.0,6.1,60.0,12.0,apple iphone 13
16,65.0,11098.89,32.0,5000.0,6.51,60.0,13.0,vivo y16
17,86.0,51058.89000000001,256.0,4700.0,6.7,120.0,50.0,oppo reno 9 pro plus
18,86.0,36628.89000000001,128.0,5000.0,6.7,120.0,50.0,oneplus 10r 5g
19,72.0,16093.89,64.0,5000.0,6.55,60.0,50.0,vivo y22
20,85.0,44398.89000000001,128.0,5000.0,6.7,120.0,50.0,oneplus 11r
21,85.0,39958.89000000001,128.0,4830.0,6.56,120.0,64.0,vivo v25 pro 5g
22,80.0,16648.890000000003,64.0,5000.0,6.67,120.0,64.0,poco x4 pro 5g
23,76.0,19823.49,128.0,5000.0,6.67,120.0,48.0,xiaomi redmi note 12
24,87.0,47718.9,256.0,4800.0,6.7,120.0,64.0,vivo v26 pro
25,88.0,34675.29,128.0,4500.0,6.5,120.0,12.0,samsung galaxy s20 fe 5g
26,84.0,24414.45,128.0,5000.0,6.59,120.0,64.0,oneplus nord ce 2 lite 5g (8gb ram + 128gb)
27,76.0,144288.90000000002,128.0,4323.0,6.7,120.0,48.0,apple iphone 14 pro max
28,83.0,31078.890000000003,128.0,4500.0,6.44,90.0,64.0,vivo v25 5g
29,72.0,77698.89000000001,128.0,4500.0,6.7,120.0,50.0,oneplus 11 pro
30,84.0,22198.890000000003,128.0,5000.0,6.72,120.0,108.0,realme 10 pro (8gb ram + 128gb)
31,81.0,23308.890000000003,128.0,5000.0,6.67,120.0,108.0,poco x5 pro
32,83.0,31068.9,256.0,4700.0,6.56,120.0,64.0,vivo v27
33,73.0,43288.89000000001,64.0,3110.0,6.1,60.0,12.0,apple iphone 11
34,85.0,26406.9,128.0,5000.0,6.7,120.0,108.0,samsung galaxy m53 5g
35,87.0,44398.89000000001,128.0,4500.0,6.4,120.0,12.0,samsung galaxy s21 fe 5g
36,87.0,33288.9,256.0,5000.0,6.67,120.0,108.0,oppo reno 8t
37,72.0,102118.89,256.0,5000.0,6.8,120.0,108.0,samsung galaxy s22 ultra 5g
38,83.0,36628.89000000001,128.0,5200.0,6.67,120.0,108.0,xiaomi redmi note 12 pro max 5g
39,83.0,31633.890000000003,256.0,4500.0,6.7,120.0,64.0,oppo reno 9 5g
40,83.0,24418.890000000003,128.0,5000.0,6.7,120.0,108.0,oneplus nord ce 3 5g
41,83.0,22198.890000000003,128.0,5000.0,6.67,120.0,108.0,xiaomi redmi note 11 pro plus 5g
42,87.0,21088.890000000003,128.0,5000.0,6.67,90.0,108.0,motorola edge 20 fusion 5g
43,85.0,31078.890000000003,256.0,5000.0,6.7,120.0,108.0,realme 10 pro plus (8gb ram + 256gb)
44,80.0,20533.890000000003,128.0,5000.0,6.58,90.0,50.0,vivo y35
45,81.0,19400.58,128.0,6000.0,6.6,120.0,50.0,samsung galaxy m33 5g
46,76.0,13248.96,64.0,5000.0,6.43,90.0,50.0,xiaomi redmi note 11
47,64.0,9934.5,32.0,5000.0,6.5,60.0,50.0,realme c33
48,68.0,13862.79,64.0,5000.0,6.51,60.0,13.0,vivo y16 (4gb ram + 64gb)
49,72.0,47728.89000000001,128.0,5000.0,6.7,120.0,108.0,samsung galaxy a74 5g
50,79.0,21088.890000000003,128.0,5000.0,6.6,90.0,50.0,samsung galaxy a14 5g (6gb ram + 128gb)
51,82.0,33298.89,128.0,5000.0,6.78,120.0,64.0,iqoo neo 7 5g
52,64.0,13308.9,32.0,5000.0,6.5,90.0,13.0,jio jiophone 5g
53,83.0,21088.890000000003,128.0,5000.0,6.6,120.0,50.0,motorola moto g82 5g
54,74.0,15538.89,64.0,5000.0,6.4,90.0,50.0,realme 10
55,75.0,16611.15,64.0,5000.0,6.6,90.0,50.0,realme 9i 5g
56,82.0,83248.89000000001,128.0,4325.0,6.7,60.0,12.0,apple iphone 14 plus
57,78.0,12208.89,64.0,5000.0,6.43,60.0,64.0,xiaomi redmi note 10s
58,89.0,94338.9,256.0,4700.0,6.6,120.0,50.0,samsung galaxy s23 plus
59,75.0,11653.89,64.0,5000.0,6.55,90.0,50.0,motorola moto g32
60,78.0,19968.9,128.0,5000.0,6.67,120.0,108.0,xiaomi redmi note 13 pro 5g
61,85.0,33288.9,128.0,4600.0,6.78,120.0,64.0,vivo s16
62,79.0,20533.890000000003,128.0,5000.0,6.6,60.0,50.0,samsung galaxy a23
63,75.0,18313.890000000003,128.0,5000.0,6.55,60.0,50.0,vivo y22 (6gb ram + 128gb)
64,81.0,16648.890000000003,128.0,5000.0,6.6,90.0,50.0,poco m4 pro 5g (6gb ram + 128gb)
65,86.0,39403.89000000001,256.0,4600.0,6.78,120.0,50.0,vivo s16 pro
66,89.0,67708.89,128.0,5000.0,6.7,120.0,50.0,oneplus 10 pro 5g
67,87.0,36628.89000000001,256.0,4980.0,6.67,120.0,200.0,xiaomi redmi note 12 pro plus (12gb ram + 256gb)
68,78.0,17758.890000000003,128.0,5000.0,6.6,120.0,50.0,samsung galaxy f23 5g
69,72.0,110988.9,256.0,5000.0,7.1,120.0,64.0,oppo find n fold
70,62.0,10543.89,64.0,5000.0,6.56,60.0,8.0,oppo a17k
71,86.0,31073.340000000004,256.0,4200.0,6.44,90.0,64.0,vivo v23 5g (12gb ram + 256gb)
72,75.0,15527.79,64.0,5000.0,6.58,120.0,50.0,iqoo z6 lite 5g
73,85.0,49948.89000000001,128.0,4800.0,6.7,120.0,50.0,oneplus 10t
74,79.0,15538.89,128.0,5000.0,6.5,90.0,48.0,xiaomi redmi note 10t 5g (6gb ram +128gb)
75,72.0,6870.900000000001,32.0,3500.0,6.26,60.0,13.0,gionee g13 pro
76,83.0,133089.0,128.0,3095.0,6.1,120.0,12.0,apple iphone 13 pro
77,83.0,30702.6,128.0,4800.0,6.58,120.0,64.0,oppo f22 pro
78,75.0,27748.890000000003,128.0,5000.0,6.5,90.0,48.0,samsung galaxy a34 5g
79,66.0,9310.68,64.0,5000.0,6.53,60.0,13.0,xiaomi redmi 10a (4gb ram + 64gb)
80,83.0,17758.890000000003,128.0,5000.0,6.55,120.0,108.0,motorola moto g72 4g
81,82.0,23308.890000000003,128.0,5000.0,6.6,90.0,50.0,samsung galaxy a14 5g (8gb ram + 128gb)
82,75.0,15538.89,64.0,5000.0,6.5,90.0,48.0,realme 9 5g
83,83.0,22188.9,128.0,5000.0,6.58,120.0,50.0,vivo t1 5g (8gb ram + 128gb)
84,75.0,15538.89,128.0,5000.0,6.5,90.0,50.0,samsung galaxy m13 5g
85,83.0,25528.890000000003,128.0,4020.0,6.5,144.0,50.0,motorola edge 30 5g
86,79.0,25528.890000000003,128.0,5000.0,6.6,120.0,50.0,samsung galaxy a23 5g
87,79.0,18868.890000000003,128.0,5000.0,6.56,90.0,48.0,oppo k10 5g
88,80.0,15861.9,128.0,5000.0,6.43,90.0,50.0,xiaomi redmi note 11 (6gb ram + 128gb)
89,72.0,46618.89000000001,128.0,5000.0,6.7,120.0,108.0,samsung galaxy a73 5g
90,69.0,14972.79,64.0,5000.0,6.51,60.0,13.0,vivo y21 2021
91,83.0,25518.9,128.0,5000.0,6.59,120.0,64.0,oneplus ace racing edition 5g
92,84.0,18313.890000000003,128.0,5000.0,6.55,120.0,50.0,motorola moto g62 (8gb ram + 128gb)
93,72.0,82138.89000000001,256.0,4700.0,6.78,120.0,50.3,vivo x90 pro plus 5g
94,67.0,11098.89,64.0,5000.0,6.5,60.0,50.0,realme c33 (4gb ram + 64gb)
95,75.0,13873.89,64.0,5000.0,6.6,90.0,50.0,realme 9i
96,72.0,13873.89,64.0,5000.0,6.56,60.0,50.0,oppo a17
97,88.0,66598.89,256.0,5000.0,6.78,144.0,50.0,iqoo 11 5g
98,72.0,118758.9,256.0,4600.0,8.0,120.0,50.0,vivo x fold 5g
99,78.0,17748.9,128.0,5000.0,6.58,120.0,50.0,vivo t1 5g
100,75.0,133188.90000000002,128.0,3200.0,6.1,120.0,48.0,apple iphone 14 pro
101,83.0,22198.890000000003,128.0,5200.0,6.67,120.0,108.0,xiaomi redmi note 11 pro max 5g
102,83.0,26628.9,128.0,4400.0,6.55,144.0,50.0,motorola moto s30 pro
103,80.0,14428.89,128.0,5000.0,6.6,90.0,50.0,realme 10s
104,82.0,22188.9,128.0,4310.0,6.43,60.0,48.0,oppo f19 pro plus 5g
105,72.0,65478.90000000001,128.0,4820.0,6.73,120.0,50.3,xiaomi 13 pro 5g
106,87.0,48838.89000000001,256.0,5000.0,6.73,144.0,108.0,vivo v27 pro
107,86.0,55498.89000000001,128.0,3700.0,6.1,120.0,50.0,samsung galaxy s22 5g
108,79.0,17758.890000000003,128.0,5000.0,6.44,60.0,50.0,vivo t1 44w (6gb ram + 128gb)
109,87.0,41068.89000000001,256.0,5000.0,6.7,120.0,50.0,oneplus 10r 5g (12gb ram + 256gb)
110,85.0,44398.89000000001,256.0,5160.0,6.8,120.0,64.0,tecno phantom x2
111,82.0,25528.890000000003,128.0,5080.0,6.6,144.0,64.0,xiaomi redmi k50i 5g
112,87.0,35518.89000000001,128.0,5000.0,6.5,120.0,64.0,samsung galaxy a53 5g
113,72.0,6849.81,32.0,5000.0,6.52,60.0,8.0,xiaomi redmi a1
114,83.0,32567.4,128.0,4500.0,6.43,90.0,50.0,oppo reno8 5g
115,87.0,28070.79,128.0,5000.0,6.7,120.0,108.0,samsung galaxy m53 5g (8gb ram + 128gb)
116,78.0,24184.680000000004,128.0,4700.0,6.44,90.0,64.0,iqoo z6 pro 5g
117,83.0,77698.89000000001,512.0,5000.0,6.73,165.0,50.0,tesla pi phone
118,88.0,78798.90000000001,128.0,3900.0,6.1,120.0,50.0,samsung galaxy s23
119,89.0,38848.89000000001,128.0,4800.0,6.7,144.0,50.0,motorola edge 30 pro 5g
120,85.0,37629.0,256.0,4500.0,6.43,90.0,50.0,oneplus nord 2t (12gb ram + 256gb)
121,71.0,33298.89,128.0,4410.0,6.14,60.0,12.2,google pixel 6a
122,84.0,21088.890000000003,128.0,5000.0,6.7,60.0,108.0,infinix note 12 pro 5g
123,84.0,21643.890000000003,128.0,6000.0,6.6,120.0,50.0,samsung galaxy m33 5g (8gb ram + 128gb)
124,83.0,27743.340000000004,128.0,4200.0,6.44,90.0,64.0,vivo v23 5g
125,78.0,12208.89,64.0,5000.0,6.47,60.0,50.0,motorola moto g42
126,85.0,27748.890000000003,256.0,5000.0,6.59,120.0,64.0,oneplus nord ce 2 lite 5g (8gb ram + 256gb)
127,82.0,28858.890000000003,128.0,5000.0,6.4,90.0,48.0,samsung galaxy a33 5g
128,69.0,38838.9,128.0,4410.0,6.1,90.0,12.2,google pixel 7a
129,74.0,14947.260000000002,64.0,5000.0,6.58,90.0,50.0,xiaomi redmi 11 prime 5g
130,76.0,11098.89,64.0,5020.0,6.67,60.0,48.0,xiaomi redmi note 10 lite
131,71.0,8878.890000000001,64.0,5000.0,6.5,90.0,48.0,motorola moto e40
132,86.0,31356.390000000003,256.0,4500.0,6.55,120.0,50.0,nothing phone 1 (8gb ram + 256gb)
133,82.0,18313.890000000003,128.0,5000.0,6.67,120.0,64.0,poco x4 pro 5g (6gb ram + 128gb)
134,87.0,25528.890000000003,256.0,5000.0,6.67,120.0,108.0,xiaomi redmi note 11 pro plus 5g (8gb ram + 256gb)
135,75.0,52168.89000000001,128.0,3110.0,6.1,60.0,12.0,apple iphone 11 (128gb)
136,74.0,15538.89,128.0,5000.0,6.6,90.0,50.0,realme c35 (6gb ram + 128gb)
137,78.0,14973.9,128.0,5000.0,6.59,90.0,50.0,oppo k10
138,82.0,32188.890000000003,128.0,4700.0,6.62,120.0,64.0,iqoo neo 6 5g
139,78.0,17203.890000000003,128.0,5000.0,6.58,120.0,50.0,iqoo z6 5g
140,86.0,44398.89000000001,256.0,4500.0,6.7,120.0,50.0,oppo reno 9 pro 5g
141,76.0,14428.89,64.0,5000.0,6.6,90.0,50.0,poco m4 pro 5g
142,72.0,4993.89,64.0,2800.0,5.0,60.0,5.0,jio phone 3
143,69.0,16648.890000000003,64.0,6000.0,6.52,60.0,13.0,oneplus clover
144,68.0,9433.89,64.0,5000.0,6.5,60.0,13.0,samsung galaxy f04
145,83.0,27738.9,128.0,4400.0,6.62,120.0,48.0,iqoo 7
146,84.0,18868.890000000003,128.0,6000.0,6.5,120.0,64.0,samsung galaxy m34 5g
147,71.0,10643.79,64.0,6000.0,6.7,60.0,50.0,xiaomi redmi 10
148,79.0,22186.68,128.0,5000.0,6.67,120.0,48.0,xiaomi redmi note 12 (6gb ram + 128gb)
149,75.0,13318.89,64.0,5000.0,6.6,90.0,50.0,motorola moto g52
150,79.0,158718.90000000002,256.0,4352.0,6.68,120.0,50.0,apple iphone 15 pro max
151,87.0,34398.9,128.0,5000.0,6.7,120.0,108.0,oppo a98
152,85.0,21643.890000000003,256.0,5000.0,6.78,120.0,50.0,infinix zero 5g 2023
154,72.0,5881.89,32.0,5000.0,6.5,60.0,8.0,realme c30
155,82.0,28825.590000000004,128.0,4500.0,6.43,60.0,64.0,oppo f21 pro 5g
156,82.0,32188.890000000003,128.0,5000.0,6.4,120.0,64.0,realme 11 pro
157,72.0,105438.9,256.0,4520.0,7.1,120.0,50.0,oppo find n2 5g
158,81.0,16648.890000000003,128.0,5000.0,6.4,90.0,108.0,realme 9 4g
159,74.0,16648.890000000003,64.0,5000.0,6.4,90.0,50.0,cola phone
160,84.0,144189.0,128.0,4352.0,6.7,120.0,12.0,apple iphone 13 pro max
161,88.0,65478.90000000001,256.0,4700.0,6.73,120.0,64.0,oppo reno 10 pro plus
162,88.0,46608.9,128.0,4810.0,6.78,120.0,50.0,vivo x90 5g
163,74.0,12208.89,64.0,6000.0,6.6,60.0,50.0,samsung galaxy f13
164,79.0,13318.89,128.0,5000.0,6.43,60.0,64.0,xiaomi redmi note 10s (6gb ram + 128gb)
165,79.0,18868.890000000003,128.0,5000.0,6.4,90.0,50.0,realme 10 (8gb ram + 128gb)
166,83.0,34398.9,128.0,4500.0,6.62,120.0,48.0,iqoo 9 se 5g
167,75.0,19978.890000000003,64.0,5000.0,6.6,120.0,50.0,infinix hot 20
168,72.0,6103.89,32.0,4000.0,6.54,60.0,8.0,letv y1 pro
169,83.0,22753.890000000003,128.0,5200.0,6.67,120.0,108.0,xiaomi redmi note 13 pro max 5g
170,81.0,22743.9,128.0,5000.0,6.4,90.0,48.0,realme narzo 50 pro 5g
171,77.0,17193.9,128.0,5000.0,6.5,90.0,48.0,oppo a74 5g
172,61.0,33288.9,64.0,2050.0,4.7,60.0,12.0,apple iphone 9
173,79.0,17203.890000000003,128.0,5000.0,6.58,120.0,50.0,iqoo z6 lite (6gb ram + 128gb)
174,80.0,13318.89,64.0,5000.0,6.43,60.0,64.0,xiaomi redmi note 11se
175,74.0,12208.89,64.0,5000.0,6.6,120.0,50.0,realme narzo 50
176,82.0,24408.9,128.0,5000.0,6.58,60.0,50.0,vivo y75 5g
177,85.0,35518.89000000001,256.0,4500.0,6.44,90.0,64.0,vivo v25 (12gb ram + 256gb)
178,77.0,13318.89,64.0,5000.0,6.43,90.0,64.0,poco m4 pro 4g
179,89.0,41068.89000000001,256.0,4500.0,6.8,120.0,200.0,infinix zero ultra
180,62.0,7768.89,32.0,5000.0,6.56,60.0,13.0,tecno spark go 2023
181,89.0,44398.89000000001,128.0,4600.0,6.7,165.0,50.0,motorola moto x40
182,78.0,16648.890000000003,128.0,5000.0,6.6,120.0,50.0,samsung galaxy f24 5g
183,79.0,16093.89,128.0,5000.0,6.6,90.0,50.0,realme 10 5g
184,84.0,31078.890000000003,128.0,4200.0,6.43,90.0,50.0,oneplus nord 3 5g
185,86.0,22753.890000000003,128.0,5000.0,6.6,120.0,50.0,motorola moto g82 (8gb ram + 128gb)
186,60.0,8989.890000000001,64.0,5000.0,6.5,60.0,13.0,ikall z19 pro
187,65.0,12208.89,128.0,5000.0,6.5,60.0,13.0,leeco s1 pro
188,63.0,3883.89,32.0,4000.0,6.1,60.0,13.0,realme c2s
190,85.0,38848.89000000001,128.0,6000.0,6.67,90.0,64.0,samsung galaxy m54 5g
191,72.0,52168.89000000001,256.0,6000.0,6.9,120.0,200.0,nokia n73 5g
192,88.0,44398.89000000001,128.0,4400.0,6.55,144.0,50.0,motorola edge 30 fusion 5g
193,70.0,13129.080000000002,64.0,5000.0,6.6,60.0,50.0,realme c35
194,86.0,51058.89000000001,256.0,4500.0,6.7,120.0,50.0,oppo reno 8 pro house of dragon edition
195,81.0,21088.890000000003,128.0,5000.0,6.59,120.0,50.0,oneplus nord ce 3 lite 5g
196,84.0,19978.890000000003,128.0,5000.0,6.67,120.0,64.0,poco x4 pro 5g (8gb ram + 128gb)
197,66.0,9433.89,64.0,5000.0,6.5,60.0,13.0,samsung galaxy m04
198,76.0,19978.890000000003,128.0,5000.0,6.56,90.0,50.0,oppo a77s
199,75.0,16039.500000000002,64.0,5000.0,6.6,60.0,50.0,samsung galaxy a13
200,72.0,61048.89000000001,128.0,4610.0,6.67,144.0,200.0,motorola edge 30 ultra
201,72.0,79918.89000000001,256.0,5000.0,6.6,120.0,108.0,xiaomi 13 ultra 5g
202,79.0,14428.89,128.0,5000.0,6.6,90.0,50.0,motorola moto g52 (6gb ram + 128gb)
203,75.0,12763.89,64.0,5000.0,6.58,90.0,50.0,poco m4 5g
204,87.0,39958.89000000001,256.0,4500.0,6.55,120.0,50.0,nothing phone 1 (12gb ram + 256gb)
205,76.0,38848.89000000001,128.0,5000.0,6.4,120.0,50.0,samsung galaxy a54 5g
206,73.0,13318.89,128.0,6000.0,6.82,90.0,50.0,tecno pova 4
207,82.0,31073.340000000004,256.0,5000.0,6.67,120.0,50.0,xiaomi redmi note 12 pro (8gb ram + 256gb)
208,77.0,155388.90000000002,256.0,4323.0,6.7,120.0,48.0,apple iphone 14 pro max (256gb)
209,86.0,44398.89000000001,256.0,4830.0,6.56,120.0,64.0,vivo v25 pro (12gb ram + 256gb)
210,79.0,17203.890000000003,128.0,5000.0,6.5,90.0,48.0,realme 9 5g (6gb ram + 128gb)
211,80.0,21088.890000000003,128.0,5000.0,6.6,120.0,64.0,realme 9 pro 5g
212,73.0,12208.89,128.0,5000.0,6.5,90.0,50.0,lava blaze 5g
213,81.0,31078.890000000003,256.0,5100.0,6.67,120.0,64.0,honor x9a
214,72.0,91018.89,128.0,5000.0,6.7,120.0,50.0,google pixel 7 pro 5g
215,74.0,11098.89,64.0,7000.0,6.95,90.0,50.0,tecno pova 3
216,85.0,35513.340000000004,128.0,4300.0,6.56,90.0,108.0,vivo v23 pro 5g
217,65.0,10321.89,32.0,5000.0,6.5,60.0,13.0,samsung galaxy a04e
218,84.0,33288.9,128.0,5500.0,6.67,120.0,64.0,xiaomi redmi k60
219,78.0,28749.000000000004,128.0,4500.0,6.4,90.0,50.0,realme 9 pro plus 5g
220,78.0,18868.890000000003,128.0,5000.0,6.6,90.0,50.0,realme 9i 5g (6gb ram + 128gb)
221,85.0,27748.890000000003,128.0,4020.0,6.5,144.0,50.0,motorola edge 30 5g (8gb ram + 128gb)
222,79.0,13528.68,64.0,5000.0,6.43,90.0,50.0,xiaomi redmi note 11 (6gb ram + 64gb)
223,72.0,9988.89,32.0,5000.0,6.51,60.0,8.0,vivo y02
224,68.0,8323.890000000001,64.0,5000.0,6.53,60.0,13.0,poco c31 (4gb ram + 64gb)
225,79.0,19978.890000000003,128.0,5000.0,6.6,90.0,48.0,realme narzo 50 5g
226,79.0,27748.890000000003,128.0,5000.0,6.62,120.0,64.0,realme gt neo 3t
227,86.0,51058.89000000001,256.0,4500.0,6.7,120.0,50.0,oppo reno 8 pro 5g
228,72.0,72703.89,256.0,5000.0,6.7,120.0,50.0,oneplus 10 pro 5g (12gb ram + 256gb)
229,89.0,65478.90000000001,256.0,4700.0,6.78,144.0,50.0,iqoo 11 pro 5g
230,74.0,13318.89,64.0,5000.0,6.58,90.0,50.0,vivo t1x 4g
231,77.0,13318.89,128.0,6000.0,6.7,60.0,50.0,xiaomi redmi 10 power
232,76.0,21078.9,128.0,5000.0,6.56,90.0,50.0,oppo a58
233,77.0,16093.89,128.0,5000.0,6.44,60.0,50.0,vivo t1 44w
234,72.0,118758.9,256.0,4500.0,8.0,120.0,50.0,xiaomi mix fold 2 5g
235,66.0,11653.89,64.0,5000.0,6.51,60.0,13.0,vivo y16 (3gb ram + 64gb)
236,86.0,29958.9,256.0,4500.0,6.43,60.0,64.0,oppo reno 8 z
237,82.0,22188.9,128.0,4050.0,6.44,60.0,50.0,vivo y75 4g
238,89.0,27748.890000000003,256.0,4300.0,6.67,120.0,200.0,xiaomi redmi note 12 explorer
239,69.0,15505.590000000002,64.0,5000.0,6.56,60.0,13.0,oppo a57 4g (4gb ram + 64 gb)
240,83.0,49948.89000000001,128.0,5000.0,6.7,120.0,108.0,samsung galaxy a75 5g
241,84.0,27748.890000000003,128.0,4700.0,6.44,90.0,64.0,vivo t1 pro 5g (8gb ram + 128gb)
242,86.0,58941.00000000001,128.0,4355.0,6.3,90.0,50.0,google pixel 7 5g
243,81.0,18868.890000000003,128.0,5000.0,6.6,90.0,50.0,xiaomi redmi note 11t 5g (6gb ram + 128gb)
244,82.0,24307.890000000003,128.0,4500.0,6.43,90.0,64.0,oppo f21s pro 4g
245,82.0,84358.89000000001,256.0,3279.0,6.1,60.0,12.0,apple iphone 14 (256gb)
246,85.0,28858.890000000003,256.0,5000.0,6.5,120.0,50.0,motorola moto g73
247,84.0,52158.9,128.0,6000.0,6.8,120.0,50.0,nubia red magic 8 pro 5g
248,75.0,11098.89,64.0,5000.0,6.47,60.0,50.0,motorola moto g31
249,89.0,55498.89000000001,256.0,5160.0,6.8,120.0,50.0,tecno phantom x2 pro
250,87.0,19978.890000000003,128.0,4500.0,6.7,90.0,108.0,infinix zero 20
251,80.0,18803.4,128.0,5000.0,6.58,120.0,50.0,iqoo z6 5g (6gb ram + 128gb)
252,81.0,19968.9,64.0,5000.0,6.67,120.0,108.0,xiaomi redmi note 11 pro 5g
253,84.0,23298.9,128.0,4800.0,6.7,120.0,108.0,oppo a1 pro
254,79.0,57718.89000000001,128.0,4200.0,6.4,120.0,12.0,samsung galaxy s22 fe 5g
255,87.0,71538.39,128.0,4500.0,6.6,120.0,50.0,samsung galaxy s22 plus 5g
256,71.0,9978.9,64.0,5000.0,6.58,90.0,13.0,vivo u3x
257,77.0,22198.890000000003,128.0,5000.0,6.5,90.0,50.0,motorola moto g23
258,79.0,14983.89,128.0,5000.0,6.58,90.0,50.0,poco m4 5g (6gb ram + 128gb)
259,78.0,17203.890000000003,128.0,6000.0,6.9,120.0,50.0,tecno pova 5g
260,65.0,7213.89,32.0,5000.0,6.53,60.0,13.0,poco c31
261,60.0,79918.89000000001,64.0,3060.0,6.1,60.0,12.0,apple iphone xr2
262,89.0,40513.89000000001,256.0,5000.0,6.5,120.0,64.0,samsung galaxy a53 (8gb ram + 256gb)
263,78.0,17758.890000000003,64.0,5000.0,6.7,60.0,50.0,infinix note 12 5g
264,87.0,35513.340000000004,256.0,4500.0,6.55,90.0,50.0,oppo reno7 pro 5g
265,84.0,38848.89000000001,128.0,5000.0,6.7,120.0,50.0,oneplus ace 2
266,81.0,21088.890000000003,128.0,5000.0,6.67,120.0,108.0,redmi note 11 pro 2023
267,88.0,44388.9,128.0,4700.0,6.67,120.0,50.0,nothing phone 2
268,82.0,18313.890000000003,128.0,5000.0,6.4,90.0,64.0,samsung galaxy a32 (8gb ram + 128gb)
270,89.0,60273.00000000001,128.0,5003.0,6.71,120.0,50.0,google pixel 6 pro
271,73.0,11098.89,64.0,5000.0,6.7,60.0,50.0,infinix note 12i (2022)
272,77.0,17748.9,128.0,5000.0,6.58,90.0,50.0,xiaomi redmi 11 prime 5g (6gb ram + 128gb)
273,86.0,25197.000000000004,128.0,5000.0,6.67,120.0,108.0,xiaomi redmi note 11 pro plus 5g (8gb ram + 128gb)
274,89.0,56598.9,256.0,4600.0,6.73,120.0,50.0,xiaomi 12 pro 5g
275,79.0,72039.0,128.0,2438.0,5.4,60.0,12.0,apple iphone 13 mini
276,77.0,15316.89,128.0,7000.0,6.9,90.0,50.0,tecno pova 3 (6gb ram + 128gb)
277,65.0,9988.89,64.0,5000.0,6.52,60.0,13.0,realme c31 (4gb ram + 64gb)
278,88.0,99898.89,512.0,6000.0,6.78,165.0,50.0,asus rog phone 6 pro 5g
279,84.0,24413.340000000004,128.0,4050.0,6.44,60.0,50.0,vivo v23e 5g
280,70.0,77688.90000000001,128.0,3500.0,5.42,60.0,12.0,apple iphone 14 mini
281,75.0,14428.89,64.0,5000.0,6.5,90.0,48.0,xiaomi redmi note 10t 5g
282,83.0,27738.9,128.0,5000.0,6.78,120.0,64.0,iqoo neo 7 se 5g
283,82.0,22188.9,128.0,5000.0,6.6,60.0,50.0,samsung galaxy a23 (8gb ram + 128gb)
284,82.0,29968.890000000003,128.0,5000.0,6.67,120.0,50.0,xiaomi redmi note 12 pro (8gb ram + 128gb)
285,81.0,22198.890000000003,128.0,5000.0,6.67,120.0,50.0,xiaomi redmi note 12 turbo
286,83.0,18759.0,256.0,5000.0,6.7,60.0,108.0,infinix note 12 pro
287,78.0,22198.890000000003,128.0,5000.0,6.6,120.0,50.0,infinix hot 20 (6gb ram+ 128gb)
288,78.0,203128.89,1024.0,4323.0,6.7,120.0,48.0,apple iphone 14 pro max (1tb)
289,75.0,14428.89,128.0,6000.0,6.6,60.0,50.0,samsung galaxy m13
290,82.0,17758.890000000003,128.0,5000.0,6.6,90.0,50.0,poco m4 pro 5g (8gb ram + 128gb)
291,82.0,15538.89,128.0,5000.0,6.43,60.0,64.0,xiaomi redmi note 10s (8gb ram + 128gb)
292,61.0,8601.390000000001,64.0,5000.0,6.52,60.0,8.0,realme c11 2021 (4gb ram + 64gb)
293,81.0,27748.890000000003,128.0,5000.0,6.6,120.0,50.0,samsung galaxy a23 5g (8gb ram + 128gb)
294,72.0,66598.89,256.0,4610.0,6.67,144.0,200.0,motorola edge 30 ultra (12gb ram + 256gb)
295,82.0,28743.45,128.0,4500.0,6.43,60.0,64.0,oppo f21s pro
296,89.0,52158.9,128.0,4500.0,6.36,120.0,50.0,xiaomi 13 5g
297,64.0,8323.890000000001,32.0,5000.0,6.53,60.0,13.0,xiaomi redmi 10a
298,60.0,8646.900000000001,32.0,5000.0,6.51,60.0,8.0,vivo y01a
299,85.0,28858.890000000003,256.0,5080.0,6.6,144.0,64.0,xiaomi redmi k50i (8gb ram + 256gb)
300,60.0,6991.89,32.0,5000.0,6.5,60.0,8.0,realme c30 (3gb ram + 32gb)
301,77.0,14428.89,64.0,5000.0,6.8,120.0,50.0,motorola moto g51 5g
302,75.0,13318.89,128.0,6000.0,6.7,60.0,50.0,xiaomi redmi 10 (6gb ram + 128gb)
303,83.0,24297.9,128.0,4250.0,6.55,90.0,64.0,xiaomi mi 11 lite ne 5g
304,84.0,77698.89000000001,128.0,3300.0,6.7,120.0,12.0,samsung galaxy z flip 3
305,87.0,62158.89000000001,256.0,4800.0,6.7,120.0,50.0,oneplus 10t (16gb ram + 256gb)
306,75.0,16648.890000000003,128.0,5000.0,6.6,60.0,50.0,samsung galaxy a13 (4gb ram + 128gb)
307,85.0,28853.340000000004,256.0,4500.0,6.43,90.0,64.0,oppo reno7 5g
308,85.0,47728.89000000001,128.0,4500.0,6.62,120.0,50.0,oneplus 9rt 5g
309,89.0,37183.89000000001,128.0,5000.0,6.5,120.0,64.0,samsung galaxy a53 5g (8gb ram + 128gb)
310,72.0,132088.89,512.0,5000.0,6.8,120.0,108.0,samsung galaxy s22 ultra 5g (12gb ram + 512gb)
311,80.0,18868.890000000003,128.0,5000.0,6.4,60.0,50.0,motorola moto g71 5g
312,72.0,7758.900000000001,32.0,4000.0,6.6,60.0,8.0,itel s16 pro
313,82.0,33288.9,128.0,5000.0,6.0,120.0,50.0,vivo y100
314,71.0,14367.840000000002,64.0,5000.0,6.5,90.0,50.0,samsung galaxy m13 5g (4gb ram + 64gb)
315,84.0,33288.9,128.0,5000.0,6.7,144.0,64.0,poco x5 gt
316,80.0,18868.890000000003,128.0,4800.0,6.81,60.0,48.0,honor x9 5g
317,89.0,72148.89,256.0,5000.0,6.78,144.0,50.0,iqoo 11 (16gb ram + 256gb)
318,72.0,172047.78000000003,256.0,4400.0,7.6,120.0,50.0,samsung galaxy z fold 4
319,87.0,122098.89,128.0,4450.0,7.8,60.0,64.0,royole flexpai 2
320,83.0,94348.89,256.0,4325.0,6.7,60.0,12.0,apple iphone 14 plus (256gb)
321,85.0,30523.890000000003,128.0,5000.0,6.4,90.0,48.0,samsung galaxy a33 5g (8gb ram + 128gb)
322,69.0,9988.89,128.0,5000.0,6.6,90.0,13.0,tecno spark 9
323,84.0,44932.8,128.0,4614.0,6.4,90.0,50.0,google pixel 6
324,81.0,19978.890000000003,128.0,5020.0,6.67,120.0,64.0,xiaomi redmi note 10 pro (6gb ram + 128gb)
325,72.0,117658.89,256.0,5000.0,6.8,120.0,108.0,samsung galaxy s21 ultra
326,67.0,9988.89,64.0,6000.0,6.82,90.0,13.0,infinix hot 20 play
327,77.0,16648.890000000003,128.0,5000.0,6.58,90.0,50.0,vivo t1x (6gb ram + 128gb)
328,82.0,22188.9,128.0,4500.0,6.5,90.0,64.0,oppo f23 pro
329,80.0,25972.890000000003,128.0,4700.0,6.44,90.0,64.0,iqoo z6 pro 5g (8gb ram + 128gb)
330,72.0,46608.9,256.0,5000.0,6.7,120.0,108.0,samsung galaxy a73 5g (8gb ram + 256gb)
331,82.0,25527.78,128.0,5000.0,6.6,144.0,48.0,realme 9 5g se (8gb ram + 128gb)
332,82.0,28858.890000000003,128.0,4500.0,6.67,120.0,64.0,poco f4 5g
333,74.0,12987.000000000002,64.0,5000.0,6.7,60.0,50.0,infinix note 12
334,72.0,7213.89,32.0,5000.0,6.5,60.0,8.0,samsung galaxy a03 core
335,84.0,17758.890000000003,128.0,6000.0,6.78,120.0,108.0,motorola moto g60
336,89.0,71928.0,128.0,4500.0,6.7,120.0,48.0,oneplus 9 pro
337,80.0,16194.9,64.0,5000.0,6.43,90.0,108.0,xiaomi redmi note 11s
338,68.0,8323.890000000001,64.0,5000.0,6.53,60.0,13.0,xiaomi redmi 9 activ
339,82.0,24418.890000000003,128.0,5000.0,6.8,120.0,64.0,tecno camon 19 pro 5g
340,71.0,13318.89,64.0,5000.0,6.5,60.0,50.0,samsung galaxy a04
341,79.0,14428.89,128.0,5000.0,6.43,90.0,64.0,poco m4 pro 4g (6gb ram + 128gb)
342,81.0,23298.9,128.0,4500.0,6.43,60.0,64.0,oneplus nord n20 5g
343,79.0,81028.89000000001,256.0,3240.0,6.1,60.0,12.0,apple iphone 13 (256gb)
344,72.0,86568.90000000001,256.0,4700.0,6.78,120.0,50.0,oppo find x6 pro
345,72.0,63268.89000000001,256.0,4870.0,6.78,120.0,50.3,vivo x90 pro 5g
346,79.0,24418.890000000003,128.0,5000.0,6.5,120.0,50.0,motorola moto g53
347,75.0,10543.89,64.0,5000.0,6.53,90.0,50.0,motorola moto g22
348,66.0,8323.890000000001,64.0,5000.0,6.53,60.0,13.0,xiaomi redmi 9i sport
349,72.0,5160.39,32.0,3500.0,5.45,60.0,13.0,jio jiophone next
350,62.0,19980.0,32.0,4030.0,6.2,60.0,13.0,vivo y93
351,85.0,43288.89000000001,128.0,5000.0,6.67,120.0,54.0,xiaomi redmi k60 pro
352,72.0,7930.950000000001,32.0,5000.0,6.5,60.0,8.0,realme c30s
353,77.0,16638.9,128.0,5000.0,6.55,90.0,50.0,vivo y22s
354,70.0,17203.890000000003,64.0,5000.0,6.56,60.0,50.0,oppo a77
355,69.0,11098.89,128.0,5000.0,6.53,60.0,13.0,xiaomi redmi 10a sport
356,86.0,33298.89,256.0,4500.0,6.67,120.0,64.0,poco f4 (12gb ram + 256gb)
357,84.0,17758.890000000003,128.0,5000.0,6.4,90.0,108.0,realme 9 4g (8gb ram + 128gb)
358,89.0,66588.90000000001,128.0,5000.0,6.67,120.0,200.0,xiaomi 12t pro 5g
359,84.0,38838.9,128.0,4350.0,6.56,120.0,48.0,iqoo 9 5g
360,85.0,133188.90000000002,256.0,5100.0,6.83,144.0,200.0,samsung galaxy s24 ultra
361,88.0,99888.9,128.0,4300.0,7.1,120.0,50.0,oppo find n flip
362,87.0,56608.89000000001,256.0,4800.0,6.7,120.0,50.0,oneplus 10t (12gb ram + 256gb)
363,65.0,8878.890000000001,64.0,5000.0,6.6,90.0,13.0,tecno spark 9 (4gb ram + 64gb)
364,88.0,48838.89000000001,256.0,4500.0,6.4,120.0,12.0,samsung galaxy s21 fe 5g (8gb ram + 256gb)
365,83.0,20533.890000000003,128.0,5000.0,6.6,90.0,50.0,xiaomi redmi note 11t 5g (8gb ram + 128gb)
366,72.0,149848.89,512.0,4500.0,6.5,120.0,12.0,sony xperia pro-i
367,85.0,36628.89000000001,128.0,4300.0,6.44,60.0,64.0,vivo v21 pro
368,80.0,14983.89,64.0,6000.0,6.67,120.0,64.0,poco x3
369,86.0,39392.79,128.0,4500.0,6.5,120.0,12.0,samsung galaxy s20 fe
370,78.0,22333.2,64.0,2800.0,5.7,60.0,16.0,google pixel 4
371,81.0,47728.89000000001,128.0,4100.0,6.4,60.0,16.0,samsung galaxy s10 plus
372,78.0,27748.890000000003,128.0,4200.0,6.4,90.0,50.0,realme 11 pro plus
373,82.0,23308.890000000003,128.0,4500.0,6.5,90.0,64.0,oppo f21 pro 4g
374,84.0,32183.340000000004,128.0,5000.0,6.62,120.0,50.0,realme gt 2 5g
375,88.0,54279.00000000001,128.0,4000.0,6.2,120.0,64.0,samsung galaxy s21
376,86.0,24968.340000000004,128.0,4500.0,6.7,60.0,64.0,samsung galaxy a71
377,61.0,9978.9,32.0,5000.0,6.51,60.0,8.0,vivo y02s
378,72.0,7768.89,32.0,4000.0,6.5,60.0,13.0,letv y2 pro
379,63.0,9867.9,64.0,5000.0,6.6,90.0,13.0,tecno spark 8c (4gb ram + 64gb)
380,82.0,20532.78,128.0,5000.0,6.58,120.0,50.0,iqoo z6 5g (8gb ram + 128gb)
381,81.0,26638.890000000003,128.0,4700.0,6.44,90.0,64.0,vivo t1 pro
382,81.0,25523.340000000004,128.0,4500.0,6.4,90.0,50.0,realme 9 pro plus 5g (8gb ram + 128gb)
383,71.0,14418.9,64.0,5000.0,6.5,90.0,50.0,samsung galaxy a04s
384,78.0,16648.890000000003,128.0,5000.0,6.6,90.0,50.0,realme 9i (6gb ram + 128gb)
385,80.0,20533.890000000003,128.0,5000.0,6.5,90.0,48.0,realme 8 5g (8gb ram + 128gb)
386,78.0,16638.9,128.0,5000.0,6.4,60.0,48.0,oppo f19
387,88.0,78798.90000000001,256.0,4300.0,6.8,120.0,50.0,oppo find n2 flip
388,75.0,13453.2,64.0,6000.0,6.4,90.0,64.0,samsung galaxy m32 prime edition
390,82.0,23308.890000000003,128.0,5000.0,6.6,120.0,64.0,realme 9 pro 5g (8gb ram + 128gb)
391,80.0,13318.89,128.0,5020.0,6.67,60.0,48.0,xiaomi redmi note 10 lite (6gb ram + 128gb)
392,73.0,19968.9,64.0,5000.0,6.5,90.0,50.0,samsung galaxy a13 5g
393,77.0,16638.9,128.0,5000.0,6.6,90.0,50.0,xiaomi redmi note 11 5g
394,72.0,7203.900000000001,16.0,5000.0,6.5,60.0,8.0,itel p36
396,83.0,38848.89000000001,128.0,4600.0,6.7,120.0,50.0,realme gt neo 5
397,79.0,166389.00000000003,128.0,4700.0,6.73,120.0,48.0,apple iphone 15 ultra
398,72.0,7213.89,32.0,5000.0,6.52,60.0,8.0,poco c50
399,72.0,116548.89,256.0,4500.0,6.71,120.0,200.0,samsung galaxy note 30 ultra 5g
400,75.0,15538.89,128.0,5000.0,6.6,90.0,50.0,realme 9i (4gb ram + 128gb)
401,79.0,18868.890000000003,64.0,5000.0,6.6,90.0,50.0,xiaomi redmi note 11t 5g
402,72.0,88798.89000000001,256.0,4700.0,6.78,120.0,50.0,vivo x80 pro 5g
403,87.0,40803.600000000006,256.0,4500.0,6.55,90.0,64.0,oppo reno 6 pro 5g
404,81.0,26083.890000000003,128.0,5160.0,6.67,120.0,108.0,xiaomi mi 11i 5g
405,87.0,84348.90000000001,256.0,6000.0,6.8,165.0,64.0,asus rog phone 7
406,76.0,24408.9,128.0,5000.0,6.56,90.0,48.0,oppo a77 5g
407,80.0,21088.890000000003,128.0,5000.0,6.6,144.0,48.0,realme 9 5g se
408,66.0,8046.39,32.0,5000.0,6.5,60.0,48.0,samsung galaxy a03
409,75.0,18858.9,64.0,5000.0,6.49,90.0,13.0,oneplus nord n200
410,80.0,26517.9,128.0,4520.0,6.67,120.0,48.0,xiaomi mi 11x
411,83.0,29281.800000000003,128.0,4300.0,6.43,90.0,64.0,oppo reno 6
412,87.0,31078.890000000003,256.0,4200.0,6.44,90.0,64.0,realme x50 pro 5g (12gb ram + 256gb)
413,70.0,12043.500000000002,128.0,5000.0,6.53,60.0,13.0,xiaomi redmi 10a (6gb ram + 128gb)
414,81.0,22198.890000000003,128.0,5000.0,6.67,120.0,108.0,redmi note 12 pro speed edition
415,76.0,144288.90000000002,256.0,3200.0,6.1,120.0,48.0,apple iphone 14 pro (256gb)
416,81.0,22188.9,128.0,5000.0,6.5,120.0,108.0,motorola moto g72
417,72.0,46608.9,128.0,4450.0,6.67,144.0,200.0,motorola moto x30 pro
418,72.0,77688.90000000001,256.0,4860.0,6.73,120.0,50.0,xiaomi 12s ultra
419,88.0,44388.9,512.0,4800.0,6.67,120.0,54.0,honor 70 5g
420,72.0,83248.89000000001,512.0,5000.0,6.7,120.0,50.0,oneplus 10 pro 5g (12gb ram + 512gb)
421,87.0,41063.34,256.0,4300.0,6.56,90.0,108.0,vivo v23 pro 5g (12gb ram + 256gb)
422,76.0,16317.000000000002,128.0,5000.0,6.51,60.0,50.0,oppo a55 4g (6gb ram + 128gb)
423,86.0,38838.9,128.0,5000.0,6.67,120.0,108.0,xiaomi mi 11t pro 5g
424,75.0,15528.9,64.0,5000.0,6.43,60.0,48.0,xiaomi redmi note 10
425,79.0,16493.49,128.0,6000.0,6.4,90.0,64.0,samsung galaxy m32 prime edition (6gb ram + 128gb)
426,84.0,19978.890000000003,128.0,5000.0,6.8,120.0,64.0,tecno camon 19 pro mondrian edition
427,85.0,38838.9,128.0,4700.0,6.7,120.0,64.0,poco f5
428,85.0,16638.9,128.0,5000.0,6.8,60.0,48.0,blu f91 5g
429,65.0,9988.89,32.0,4230.0,6.52,60.0,13.0,oppo a16e
430,71.0,9988.89,64.0,5000.0,6.5,90.0,50.0,motorola moto e32
431,84.0,17564.640000000003,128.0,5000.0,6.43,90.0,108.0,xiaomi redmi note 11s (8gb ram + 128gb)
432,86.0,24968.340000000004,128.0,4500.0,6.5,90.0,64.0,samsung galaxy a52 (8gb ram + 128gb)
433,82.0,21811.500000000004,128.0,5160.0,6.67,120.0,48.0,poco x3 pro
434,61.0,7768.89,32.0,5000.0,6.53,60.0,13.0,xiaomi redmi 9a
435,80.0,18313.890000000003,128.0,5000.0,6.4,90.0,64.0,samsung galaxy a32
436,75.0,17758.890000000003,128.0,5000.0,6.5,90.0,50.0,motorola moto g13
437,88.0,81028.89000000001,256.0,6000.0,6.78,165.0,50.0,asus rog phone 6 batman edition
438,84.0,29968.890000000003,128.0,4980.0,6.67,120.0,200.0,xiaomi redmi note 12 pro plus (6gb ram + 128gb)
439,72.0,7768.89,32.0,5000.0,6.6,60.0,8.0,infinix smart 6 hd
440,71.0,14193.570000000002,128.0,5000.0,6.6,90.0,50.0,realme c35 (4gb ram + 128gb)
441,72.0,11098.89,64.0,6000.0,6.82,90.0,50.0,infinix hot 12
442,86.0,61048.89000000001,128.0,4500.0,6.78,120.0,50.0,vivo x80 5g
443,79.0,17193.9,128.0,5000.0,6.58,60.0,64.0,vivo y53s
444,84.0,28858.890000000003,256.0,4700.0,6.7,90.0,50.0,tecno phantom x
445,68.0,10543.89,128.0,5000.0,6.5,60.0,13.0,samsung galaxy m04 (4gb ram + 128gb)
446,70.0,8878.890000000001,64.0,5000.0,6.71,60.0,50.0,redmi 12c
447,86.0,71028.90000000001,128.0,4300.0,5.9,120.0,50.0,asus zenfone 9
448,73.0,17748.9,64.0,4000.0,6.2,60.0,13.0,sony xperia l5 5g
449,85.0,38793.39000000001,256.0,4500.0,6.62,120.0,48.0,iqoo 9 se 5g (12gb ram + 256gb)
450,72.0,9766.89,64.0,5000.0,6.8,60.0,48.0,tecno spark 8 pro
451,74.0,13752.9,64.0,6000.0,6.5,90.0,50.0,xiaomi redmi 10 prime
452,73.0,12763.89,64.0,6000.0,6.4,90.0,48.0,samsung galaxy f22
453,86.0,47718.9,256.0,5000.0,6.73,120.0,50.0,oppo reno 10 pro
454,82.0,38848.89000000001,128.0,5000.0,6.67,144.0,64.0,nubia z50
455,75.0,13318.89,128.0,6000.0,6.6,60.0,50.0,samsung galaxy f13 (4gb ram + 128gb)
456,70.0,11653.89,64.0,5000.0,6.52,90.0,50.0,nokia g11 plus
457,66.0,9890.1,64.0,6000.0,6.82,90.0,13.0,infinix hot 12 play
458,85.0,27738.9,128.0,4700.0,6.62,120.0,64.0,vivo t2 5g
459,84.0,19978.890000000003,128.0,4500.0,6.43,60.0,64.0,oppo reno7 z 5g
460,86.0,25528.890000000003,128.0,4250.0,6.55,90.0,64.0,xiaomi mi 11 lite ne 5g (8gb ram + 128gb)
461,72.0,7203.900000000001,32.0,5000.0,6.5,60.0,8.0,realme narzo 50i
462,85.0,24408.9,128.0,4500.0,6.67,120.0,108.0,infinix zero x pro
463,76.0,13724.04,64.0,6000.0,6.4,90.0,64.0,samsung galaxy m32
464,86.0,44388.9,128.0,4500.0,6.71,120.0,64.0,samsung galaxy a82 5g
465,77.0,13318.89,64.0,4000.0,6.18,60.0,12.0,xiaomi poco f1
466,72.0,8323.890000000001,16.0,1900.0,4.5,60.0,5.0,vivo y25
467,60.0,4428.900000000001,32.0,3500.0,5.5,60.0,13.0,lyf earth 1
468,65.0,11653.89,64.0,5000.0,6.5,60.0,13.0,motorola moto e13
469,72.0,6991.89,32.0,5000.0,6.56,60.0,8.0,tecno pop 6 pro
470,72.0,6648.900000000001,32.0,3020.0,5.0,60.0,2.0,itel a24 pro
471,72.0,126528.9,256.0,4730.0,8.0,120.0,50.0,vivo x fold plus
472,84.0,24418.890000000003,128.0,7000.0,6.7,60.0,64.0,samsung galaxy f63
473,80.0,17758.890000000003,128.0,5000.0,6.44,120.0,50.0,iqoo z6 4g (6gb ram + 128gb)
474,86.0,77688.90000000001,128.0,4000.0,6.1,120.0,12.0,sony xperia 5 ii
475,71.0,14418.9,128.0,5000.0,6.35,60.0,13.0,vivo y3 (4gb ram + 128gb)
476,72.0,103207.8,512.0,5000.0,6.5,120.0,12.0,sony xperia 1 iv (12gb ram + 512gb)
477,74.0,17758.890000000003,256.0,6000.0,6.66,90.0,50.0,tecno pova 4 pro
478,84.0,26638.890000000003,256.0,4500.0,6.67,90.0,108.0,huawei nova 10 se
479,75.0,14428.89,128.0,5000.0,6.58,90.0,50.0,vivo t1x (4gb ram + 128gb)
480,86.0,67698.90000000001,256.0,5000.0,6.8,120.0,64.0,nubia red magic 7s pro
481,67.0,9833.490000000002,64.0,5000.0,6.5,90.0,16.0,motorola moto e32s (4gb ram + 64gb)
482,84.0,37461.39000000001,256.0,4700.0,6.62,120.0,64.0,iqoo neo 6 5g (12gb ram + 256gb)
483,63.0,17748.9,64.0,5000.0,6.5,60.0,48.0,samsung galaxy a15
484,84.0,27738.9,128.0,5080.0,6.6,144.0,64.0,poco x4 gt 5g
485,76.0,16648.890000000003,128.0,5000.0,6.6,90.0,48.0,realme narzo 50 5g (4gb ram + 128gb)
486,76.0,19968.9,128.0,4500.0,6.64,120.0,50.0,vivo y77 5g
487,75.0,27738.9,128.0,4300.0,6.67,120.0,64.0,honor 60 se 5g
488,74.0,12876.000000000002,64.0,5000.0,6.58,90.0,50.0,xiaomi redmi 11 prime
489,62.0,9211.89,32.0,5000.0,6.52,60.0,13.0,realme c31
490,78.0,13318.89,128.0,5000.0,6.47,60.0,50.0,motorola moto g31 (6gb ram+ 128gb)
491,88.0,99898.89,128.0,3700.0,6.7,120.0,12.0,samsung galaxy z flip 4 5g
492,77.0,31078.890000000003,128.0,3300.0,6.28,60.0,20.0,oneplus 6 (8gb ram + 128gb)
493,69.0,17748.9,128.0,3520.0,6.0,60.0,12.2,google pixel 2 xl
494,60.0,8090.790000000001,32.0,5000.0,6.52,60.0,8.0,xiaomi redmi a1 plus
495,86.0,34398.9,256.0,4800.0,6.67,120.0,54.0,honor 70 5g (8gb ram + 256gb)
496,77.0,17203.890000000003,128.0,5000.0,6.6,120.0,50.0,realme narzo 50 (6gb ram + 128gb)
497,66.0,9433.89,32.0,5000.0,6.51,60.0,13.0,vivo y15s
498,80.0,16083.9,128.0,6000.0,6.4,90.0,64.0,samsung galaxy m32 (6gb ram + 128gb)
499,80.0,17193.9,128.0,5000.0,6.6,90.0,64.0,samsung galaxy f42 5g
500,78.0,16638.9,128.0,5000.0,6.6,120.0,50.0,realme q5 5g
501,75.0,17758.890000000003,64.0,5000.0,6.5,90.0,48.0,poco m3 pro 5g
502,82.0,39960.0,128.0,4080.0,6.0,90.0,16.0,google pixel 5
503,72.0,77698.89000000001,256.0,4800.0,6.73,144.0,108.0,oneplus 12 pro
504,86.0,29958.9,256.0,4300.0,6.67,120.0,200.0,xiaomi redmi note 12 discovery edition
505,71.0,11799.3,64.0,6000.0,6.6,60.0,50.0,samsung galaxy m13 (4gb ram + 64gb)
506,85.0,47718.9,256.0,4500.0,6.7,120.0,50.0,oppo reno 8 pro (8gb ram + 256gb)
507,77.0,27738.9,128.0,4500.0,6.58,90.0,50.0,vivo y78 5g
508,77.0,16082.79,128.0,5000.0,6.44,120.0,50.0,iqoo z6 4g
509,73.0,18303.9,128.0,5000.0,6.56,90.0,13.0,oppo a76
510,82.0,27188.340000000004,256.0,4500.0,6.4,90.0,50.0,realme 9 pro plus 5g (8gb ram + 256gb)
511,61.0,8878.890000000001,32.0,5000.0,6.51,60.0,8.0,vivo y01
512,85.0,26628.9,128.0,5000.0,6.8,144.0,108.0,motorola moto edge s30 5g
513,89.0,55454.490000000005,128.0,5000.0,6.7,120.0,50.0,realme gt 2 pro 5g
514,83.0,144189.0,256.0,3095.0,6.1,120.0,12.0,apple iphone 13 pro (256gb)
515,80.0,22188.9,128.0,4000.0,6.44,60.0,64.0,vivo y73 2021
516,67.0,16638.9,64.0,5000.0,6.62,60.0,50.0,samsung galaxy f14
517,85.0,25828.590000000004,128.0,4000.0,6.44,60.0,64.0,vivo v20
518,75.0,15538.89,64.0,5020.0,6.67,60.0,48.0,xiaomi redmi note 9 pro
519,85.0,39281.79,128.0,5000.0,6.7,120.0,50.0,oneplus 10r prime edition
520,72.0,88467.00000000001,256.0,5003.0,6.71,120.0,50.0,google pixel 6 pro (12gb ram + 256gb)
521,62.0,10543.89,32.0,5050.0,6.74,60.0,13.0,nokia c31
522,76.0,13697.4,128.0,5000.0,6.6,90.0,50.0,infinix hot 12 pro (8gb ram+ 128gb)
523,74.0,11986.89,64.0,5000.0,6.58,90.0,50.0,poco m5
524,73.0,16638.9,128.0,6000.0,6.7,60.0,50.0,xiaomi redmi 10c (4gb ram + 128gb)
525,89.0,68808.90000000001,128.0,5000.0,6.8,120.0,64.0,zte axon 40 ultra 5g
526,72.0,57586.8,256.0,4600.0,6.73,120.0,50.0,xiaomi 12 pro 5g (12gb ram + 256gb)
527,80.0,18858.9,128.0,5000.0,6.59,90.0,50.0,oppo k10 (8gb ram + 128gb)
528,84.0,22188.9,128.0,4000.0,6.78,90.0,108.0,huawei nova 9 se
529,87.0,64378.89000000001,256.0,3700.0,6.1,120.0,50.0,samsung galaxy s22 5g (8gb ram + 256gb)
530,87.0,52158.9,256.0,5600.0,6.92,144.0,64.0,lenovo legion y90
531,77.0,23298.9,128.0,5000.0,6.58,60.0,50.0,vivo y55 5g
532,82.0,19968.9,128.0,4470.0,6.67,60.0,48.0,nokia x100 5g
533,82.0,19423.890000000003,128.0,5000.0,6.5,90.0,64.0,realme 8s 5g (8gb ram + 128gb)
534,80.0,19978.890000000003,128.0,5000.0,6.5,90.0,64.0,realme 8s 5g
535,72.0,55488.9,128.0,6000.0,6.51,144.0,200.0,nokia x60 pro 5g
536,74.0,16648.890000000003,128.0,5000.0,6.67,120.0,48.0,poco x5
537,82.0,22177.800000000003,128.0,5020.0,6.67,120.0,108.0,xiaomi redmi note 10 pro max (6gb ram + 128gb)
538,85.0,39948.9,256.0,4400.0,6.62,120.0,48.0,iqoo 7 (12gb ram + 256gb)
539,78.0,17758.890000000003,128.0,5000.0,6.4,60.0,64.0,realme 8
540,88.0,46618.89000000001,128.0,4000.0,6.2,120.0,64.0,samsung galaxy s20
541,83.0,28858.890000000003,128.0,5500.0,6.67,120.0,48.0,xiaomi redmi k60e
542,65.0,8868.900000000001,32.0,5000.0,6.5,90.0,16.0,motorola moto e32s
543,84.0,33288.9,128.0,4500.0,6.43,90.0,50.0,oneplus nord 3t 5g
544,83.0,31068.9,128.0,4500.0,6.43,90.0,50.0,oppo f23 pro plus 5g
545,84.0,33298.89,128.0,5500.0,6.67,120.0,64.0,poco f5 pro
546,68.0,9988.89,64.0,4230.0,6.52,60.0,13.0,oppo a16e (4gb ram + 64gb)
547,81.0,15538.89,128.0,5000.0,6.43,90.0,64.0,poco m4 pro 4g (8gb ram + 128gb)
548,71.0,12763.89,64.0,6000.0,6.5,60.0,50.0,realme narzo 50a
549,87.0,44398.89000000001,128.0,6000.0,6.78,144.0,64.0,asus rog phone 5s 5g
550,84.0,31078.890000000003,128.0,4300.0,6.43,120.0,64.0,realme gt master edition 5g
551,79.0,27193.890000000003,128.0,5000.0,6.5,90.0,48.0,samsung galaxy a32 5g
552,86.0,67708.89,256.0,5000.0,6.8,120.0,50.0,nubia red magic 8 pro plus
553,89.0,123208.89,256.0,4400.0,7.6,120.0,12.0,samsung galaxy z fold 3
554,89.0,61048.89000000001,128.0,4000.0,6.8,60.0,64.0,lg wing 5g
555,80.0,18303.9,64.0,5020.0,6.67,60.0,64.0,xiaomi redmi note 9 pro max
556,83.0,27738.9,128.0,4500.0,6.5,90.0,64.0,samsung galaxy a52
557,72.0,27750.000000000004,16.0,3360.0,6.0,60.0,13.0,vivo y71
558,72.0,2218.8900000000003,8.0,2000.0,4.5,60.0,5.0,lyf c459
559,66.0,11044.500000000002,64.0,5000.0,6.5,60.0,13.0,samsung galaxy a04e (3gb ram + 64gb)
560,75.0,14428.89,128.0,5000.0,6.56,60.0,13.0,oppo a56s
561,83.0,22198.890000000003,256.0,5000.0,6.67,120.0,50.0,oppo reno 8t 4g
562,84.0,36628.89000000001,256.0,5000.0,6.73,120.0,50.0,oppo reno 10
563,81.0,31632.78,128.0,4500.0,6.58,120.0,50.0,nokia g60
564,71.0,17757.780000000002,128.0,5000.0,6.56,60.0,50.0,oppo a77 (4gb ram + 128 gb)
565,89.0,66588.90000000001,128.0,4800.0,6.7,165.0,50.0,motorola edge 40 pro 5g
566,78.0,18858.9,128.0,5000.0,6.59,120.0,64.0,oppo k10x 5g
567,82.0,31078.890000000003,256.0,4700.0,6.44,90.0,64.0,iqoo z6 pro 5g (12gb ram + 256gb)
568,75.0,14983.89,128.0,5050.0,6.5,90.0,50.0,nokia g21 (6gb ram + 128gb)
569,78.0,18313.890000000003,128.0,5000.0,6.6,60.0,50.0,samsung galaxy a13 (6gb ram + 128gb)
570,66.0,12208.89,64.0,4230.0,6.52,60.0,13.0,oppo a16k (4gb ram + 64gb)
571,71.0,15528.9,64.0,6000.0,6.7,60.0,50.0,xiaomi redmi 10c
572,74.0,11098.89,64.0,5000.0,6.6,90.0,48.0,tecno spark 9 pro
573,83.0,35513.340000000004,128.0,5000.0,6.7,120.0,50.0,realme gt neo 3 5g
574,83.0,27550.2,128.0,4500.0,6.67,120.0,108.0,xiaomi 11i hypercharge 5g
575,83.0,25518.9,128.0,4700.0,6.62,120.0,64.0,iqoo neo 6 se 5g
576,88.0,66588.90000000001,256.0,4700.0,6.78,120.0,50.0,iqoo 9 pro 5g
577,62.0,9988.89,64.0,5000.0,6.5,60.0,8.0,realme narzo 50i (4gb ram + 64gb)
578,72.0,11653.89,128.0,5000.0,6.53,60.0,13.0,xiaomi redmi 9 activ (6gb ram + 128gb)
579,72.0,8323.890000000001,32.0,3000.0,5.5,60.0,13.0,jio jiophone next (3gb ram + 32gb)
580,75.0,11088.9,64.0,4000.0,6.3,60.0,48.0,xiaomi redmi note 8 2021
581,76.0,13863.9,128.0,5000.0,6.5,90.0,48.0,xiaomi redmi note 10 5g
582,69.0,15528.9,64.0,5000.0,6.51,60.0,13.0,vivo y20g
583,79.0,19968.9,128.0,5000.0,6.6,90.0,48.0,samsung galaxy a22 5g
584,83.0,27748.890000000003,128.0,4000.0,6.44,90.0,64.0,vivo v21
585,85.0,24418.890000000003,128.0,4500.0,6.4,60.0,64.0,realme 7 pro (8gb ram + 128gb)
586,77.0,22198.890000000003,128.0,4300.0,6.55,90.0,48.0,oneplus nord lite
587,72.0,110998.89,128.0,5000.0,6.9,60.0,108.0,samsung galaxy s20 ultra 5g
588,77.0,121989.0,64.0,3500.0,6.5,60.0,12.0,apple iphone 11 pro max
589,72.0,58818.90000000001,32.0,2230.0,4.7,60.0,13.0,apple iphone 7s
590,80.0,22188.9,128.0,5000.0,6.5,120.0,50.0,sony xperia ace iv
591,69.0,12763.89,128.0,5000.0,6.5,60.0,13.0,samsung galaxy a04e (4gb ram + 128gb)
592,75.0,15538.89,64.0,5000.0,6.67,120.0,48.0,xiaomi redmi note 12 4g
594,84.0,32178.9,256.0,5000.0,6.7,120.0,108.0,vivo v28
595,85.0,31078.890000000003,128.0,4500.0,6.67,120.0,64.0,poco f4 5g (8gb ram + 128gb)
596,82.0,22188.9,128.0,5080.0,6.6,144.0,64.0,xiaomi redmi note 11t pro 5g
597,83.0,25528.890000000003,128.0,5000.0,6.4,90.0,48.0,realme narzo 50 pro 5g (8gb ram + 128gb)
598,82.0,19978.890000000003,128.0,5000.0,6.44,60.0,50.0,vivo t1 44w (8gb ram + 128gb)
599,81.0,17203.890000000003,128.0,5000.0,6.43,90.0,108.0,xiaomi redmi note 11s (6gb ram + 128gb)
600,84.0,19968.9,128.0,5000.0,6.78,90.0,64.0,lava agni 5g
601,77.0,15538.89,128.0,5000.0,6.6,120.0,50.0,realme 8i (6gb ram + 128gb)
602,73.0,14983.89,64.0,5000.0,6.51,60.0,50.0,oppo a55 4g
603,79.0,16426.890000000003,128.0,5000.0,6.5,90.0,48.0,poco m3 pro 5g (6gb ram + 128gb)
604,62.0,7768.89,32.0,5000.0,6.5,60.0,13.0,realme c21y
605,69.0,13318.89,64.0,5000.0,6.52,60.0,13.0,oppo a16
606,85.0,26633.340000000004,128.0,4000.0,6.44,90.0,64.0,vivo v21 5g
607,89.0,77698.89000000001,256.0,4000.0,6.5,60.0,12.0,sony xperia 1 ii
608,89.0,64378.89000000001,256.0,5000.0,6.7,90.0,108.0,motorola edge plus
609,87.0,95460.0,256.0,4300.0,6.7,60.0,64.0,samsung galaxy note 20
610,71.0,13318.89,64.0,5000.0,6.5,60.0,48.0,samsung galaxy a12
611,77.0,16648.890000000003,128.0,5000.0,6.67,120.0,50.0,xiaomi redmi note 12 pro 4g
612,81.0,29413.890000000003,128.0,5000.0,6.62,120.0,64.0,realme gt neo 3t (8gb ram + 128gb)
613,62.0,9978.9,64.0,5000.0,6.5,60.0,8.0,realme c30s (4gb ram + 64gb)
614,82.0,106558.89,512.0,3279.0,6.1,60.0,12.0,apple iphone 14 (512gb)
615,85.0,53268.9,128.0,4700.0,6.78,120.0,50.0,iqoo 9t 5g
616,81.0,19968.9,128.0,5000.0,6.8,120.0,64.0,tecno camon 19 pro
617,83.0,25528.890000000003,128.0,5000.0,6.59,120.0,64.0,oneplus nord 2 lite 5g
618,72.0,110988.9,128.0,5000.0,6.8,120.0,108.0,samsung galaxy s22 ultra 5g (8gb ram + 128gb)
619,86.0,44398.89000000001,128.0,4700.0,6.67,120.0,64.0,poco f4 gt 5g
620,88.0,43288.89000000001,256.0,5000.0,6.67,120.0,108.0,xiaomi 11t pro 5g (12gb ram + 256gb)
621,63.0,13863.9,128.0,5000.0,6.51,60.0,13.0,vivo y10
622,86.0,44388.9,128.0,4500.0,6.71,120.0,64.0,samsung galaxy a83 5g
623,80.0,18520.35,128.0,5000.0,6.58,60.0,50.0,vivo y33s
624,66.0,7768.89,64.0,5000.0,6.52,60.0,13.0,micromax in 2b
625,86.0,79918.89000000001,256.0,6000.0,6.78,165.0,50.0,asus rog phone 6
626,84.0,29968.890000000003,128.0,4500.0,6.43,120.0,64.0,realme x7 max
627,75.0,18313.890000000003,128.0,5000.0,6.5,90.0,48.0,realme 8 5g
628,74.0,19968.9,128.0,5000.0,6.5,60.0,13.0,oppo a55 5g
629,68.0,9988.89,64.0,5000.0,6.53,60.0,13.0,xiaomi redmi 9
630,63.0,44289.00000000001,64.0,1821.0,4.7,60.0,12.0,apple iphone se 2020
631,60.0,6658.89,64.0,4000.0,6.5,60.0,8.0,letv y1 pro plus
632,76.0,38848.89000000001,128.0,5000.0,6.57,120.0,64.0,oneplus nord 5
633,77.0,18858.9,128.0,6000.0,6.58,60.0,50.0,vivo y73t
634,84.0,25518.9,128.0,4800.0,6.58,120.0,50.0,oppo reno 9 z
635,84.0,22188.9,256.0,4500.0,6.44,90.0,64.0,vivo v25e
636,74.0,12043.500000000002,64.0,5000.0,6.6,90.0,50.0,infinix hot 12 pro
637,75.0,14983.89,64.0,5000.0,6.6,90.0,48.0,realme narzo 50 5g (4gb ram + 64gb)
638,61.0,7435.89,64.0,5000.0,6.6,60.0,8.0,itel vision 3
639,80.0,19978.890000000003,128.0,5000.0,6.59,90.0,50.0,oppo a96 4g
640,69.0,15528.9,128.0,5000.0,6.58,90.0,50.0,xiaomi redmi note 11e 5g
641,72.0,105438.9,512.0,4600.0,6.76,120.0,50.0,honor magic 4 pro plus 5g
642,72.0,9954.48,64.0,5000.0,6.6,60.0,50.0,tecno spark 9t
643,60.0,8125.200000000001,64.0,5000.0,6.6,60.0,8.0,infinix smart 6
644,69.0,9988.89,64.0,5000.0,6.5,60.0,50.0,realme c25y (4gb ram + 64gb)
645,75.0,15538.89,128.0,5000.0,6.5,60.0,48.0,samsung galaxy a12 (6gb ram + 128gb)
646,79.0,16368.06,128.0,5000.0,6.8,60.0,64.0,tecno camon 19
647,83.0,18868.890000000003,128.0,5000.0,6.6,120.0,64.0,xiaomi redmi note 10 pro 5g
648,83.0,28848.9,128.0,4520.0,6.67,120.0,48.0,xiaomi mi 11x 5g (8gb ram + 128gb)
649,78.0,18313.890000000003,128.0,5000.0,6.43,60.0,48.0,xiaomi redmi note 10 (6gb ram + 128gb)
650,81.0,22198.890000000003,64.0,5020.0,6.67,120.0,108.0,xiaomi redmi note 10 pro max
651,80.0,26085.000000000004,128.0,5000.0,6.67,144.0,64.0,xiaomi mi 10t 5g
652,85.0,61048.89000000001,128.0,4300.0,6.8,60.0,48.0,lg velvet 5g
653,80.0,21643.890000000003,128.0,5000.0,6.5,60.0,64.0,motorola one fusion plus
654,72.0,88788.90000000001,128.0,5000.0,6.8,60.0,64.0,lg v60 thinq
655,83.0,44398.89000000001,128.0,4500.0,6.7,60.0,12.0,samsung galaxy note 10 lite
656,89.0,103228.89,256.0,4300.0,6.8,60.0,12.0,samsung galaxy note 10 plus 5g
657,84.0,36618.9,256.0,5000.0,6.78,120.0,50.0,iqoo neo 7 racing edition
658,72.0,16093.89,128.0,5000.0,6.5,90.0,50.0,samsung galaxy a04s (4gb ram + 128gb)
659,70.0,15538.89,128.0,5000.0,6.51,60.0,13.0,vivo y35 5g
660,72.0,8878.890000000001,32.0,5000.0,6.51,60.0,8.0,vivo y02 (2gb ram + 32gb)
661,72.0,6421.35,32.0,5000.0,6.6,60.0,8.0,itel vision 3 (2gb ram + 32gb)
662,73.0,14418.9,128.0,5000.0,6.58,90.0,13.0,xiaomi redmi note 11r
663,84.0,22188.9,128.0,5100.0,6.73,120.0,108.0,poco m6 pro
664,79.0,26628.9,256.0,5000.0,6.56,90.0,48.0,oppo a97 5g
665,77.0,19978.890000000003,64.0,4000.0,6.4,60.0,48.0,samsung galaxy a24
666,80.0,18868.890000000003,128.0,5000.0,6.91,60.0,108.0,infinix note 13 pro
667,68.0,11098.89,128.0,5000.0,6.5,60.0,13.0,honor play 30
668,63.0,9211.89,64.0,5000.0,6.82,60.0,8.0,infinix smart 6 plus
669,89.0,91240.89,256.0,5000.0,6.1,120.0,12.0,sony xperia 5 iv 5g
670,84.0,55488.9,128.0,5000.0,6.67,144.0,64.0,nubia z40 pro 5g
671,71.0,13318.89,64.0,5050.0,6.5,90.0,50.0,nokia g21
672,82.0,33288.9,128.0,4300.0,6.55,120.0,108.0,xiaomi 12 lite 5g
673,72.0,102396.39,256.0,4500.0,7.1,120.0,50.0,oppo find n 5g
674,84.0,155289.0,256.0,4352.0,6.7,120.0,12.0,apple iphone 13 pro max (256gb)
675,74.0,16638.9,128.0,5000.0,6.51,60.0,50.0,vivo y21s
676,79.0,17746.68,128.0,5000.0,6.43,60.0,48.0,oppo f19s
677,76.0,13014.750000000002,64.0,6000.0,6.4,60.0,48.0,samsung galaxy m21 2021
678,80.0,19973.34,128.0,4310.0,6.43,60.0,48.0,oppo f19 pro
679,86.0,149848.89,256.0,4000.0,7.4,60.0,64.0,oppo x 2021
680,81.0,28410.45,128.0,4300.0,6.49,90.0,64.0,oneplus nord n10
681,67.0,8323.890000000001,128.0,4000.0,6.2,60.0,16.0,gionee m12 pro
682,74.0,12087.9,64.0,5000.0,6.53,60.0,13.0,poco m2
683,83.0,21078.9,128.0,4015.0,6.43,60.0,48.0,oppo f17 pro
684,82.0,22188.9,128.0,5000.0,6.67,60.0,48.0,motorola moto g 5g
685,80.0,17748.9,128.0,4000.0,6.4,60.0,48.0,samsung galaxy a50s
686,89.0,65488.89000000001,256.0,4300.0,6.8,60.0,12.0,samsung galaxy note 10 plus
687,71.0,13875.000000000002,64.0,5000.0,6.35,60.0,13.0,vivo y15
688,82.0,33298.89,128.0,4500.0,6.38,60.0,48.0,vivo s1 pro
689,86.0,35508.9,256.0,4700.0,6.67,120.0,64.0,vivo t3 pro
690,86.0,33298.89,128.0,4000.0,6.44,90.0,64.0,vivo v21s
691,72.0,119868.9,512.0,6000.0,6.8,165.0,50.0,asus rog phone 6d ultimate
692,84.0,35508.9,128.0,4020.0,6.28,120.0,64.0,motorola moto edge 30 neo
693,87.0,54378.9,128.0,5000.0,6.67,120.0,108.0,xiaomi 12t
694,85.0,110988.9,256.0,4500.0,6.76,120.0,64.0,huawei mate 50 pro 5g
695,65.0,10543.89,64.0,5000.0,6.52,60.0,13.0,realme c32
696,89.0,180918.9,512.0,4600.0,6.5,120.0,50.0,huawei mate xs 2
697,80.0,27748.890000000003,128.0,5000.0,6.62,144.0,50.0,iqoo z7 pro 5g
698,72.0,92118.9,128.0,3285.0,6.06,60.0,50.0,apple iphone 15
699,79.0,17758.890000000003,128.0,5000.0,6.95,120.0,50.0,infinix note 11s (8gb ram + 128gb)
700,64.0,9988.89,64.0,5000.0,6.52,60.0,16.0,tecno spark 8 (4gb ram + 64gb)
701,73.0,19968.9,128.0,5000.0,6.5,60.0,13.0,oppo a56 5g
702,72.0,92118.9,256.0,4500.0,6.78,120.0,50.0,vivo x80 pro plus 5g
703,77.0,14428.89,128.0,6000.0,6.5,90.0,50.0,xiaomi redmi 10 prime (6gb ram + 128gb)
704,83.0,33288.9,128.0,4300.0,6.57,120.0,50.0,huawei nova 9
705,72.0,7768.89,16.0,4000.0,6.1,60.0,5.0,tecno pop 5 go
706,72.0,67708.89,256.0,4360.0,6.6,120.0,50.0,huawei p50 pro 4g
707,83.0,31068.9,128.0,5500.0,6.67,120.0,48.0,xiaomi redmi k50 5g
708,72.0,5826.39,16.0,3000.0,5.45,60.0,5.0,nokia c01 plus
709,80.0,16648.890000000003,128.0,5000.0,6.5,120.0,48.0,realme q3
710,87.0,49938.9,128.0,4500.0,6.55,90.0,50.0,oppo reno 6 pro plus 5g
711,87.0,24963.9,128.0,5000.0,6.7,90.0,64.0,motorola edge s
712,72.0,56598.9,256.0,4500.0,6.7,120.0,50.0,oppo find x3 pro
713,75.0,12763.89,64.0,6000.0,6.53,60.0,48.0,poco m3
714,72.0,6648.900000000001,16.0,4000.0,6.5,60.0,8.0,itel s16
715,84.0,29970.000000000004,128.0,4000.0,6.44,60.0,64.0,vivo v20 pro
716,86.0,33298.89,128.0,5000.0,6.67,144.0,108.0,xiaomi mi 10t pro 5g
717,84.0,31068.9,256.0,4500.0,6.44,60.0,48.0,vivo v19 (8gb ram + 256gb)
718,89.0,83248.89000000001,128.0,4000.0,6.2,60.0,64.0,samsung galaxy s20 5g
719,72.0,11088.9,64.0,5000.0,6.53,60.0,16.0,vivo u3
720,82.0,22188.9,128.0,4000.0,6.4,60.0,64.0,oppo k5 (8gb ram + 128gb)
721,75.0,14739.69,64.0,4000.0,6.4,60.0,64.0,realme xt
722,68.0,12210.000000000002,64.0,5000.0,6.35,60.0,13.0,vivo y12 (3gb ram + 64gb)
723,78.0,14428.89,128.0,4000.0,6.18,60.0,12.0,xiaomi poco f1 (6gb ram + 128gb)
724,61.0,8101.89,32.0,5000.0,6.52,60.0,8.0,poco c50 (3gb ram + 32gb)
725,61.0,8878.890000000001,32.0,5000.0,6.5,60.0,20.0,ikall z19
726,86.0,61038.90000000001,128.0,5000.0,6.73,120.0,50.0,xiaomi redmi k60 gaming edition
727,77.0,55488.9,256.0,5000.0,6.67,120.0,50.0,vivo s17 pro
728,72.0,61038.90000000001,256.0,4500.0,6.78,120.0,200.0,honor 80 pro plus
729,71.0,17203.890000000003,128.0,6000.0,6.8,120.0,50.0,tecno pova neo 5g
730,78.0,188589.00000000003,512.0,4323.0,6.7,120.0,48.0,apple iphone 14 pro max (512gb)
731,75.0,59928.90000000001,128.0,4830.0,6.6,120.0,50.0,google pixel 8
732,80.0,21078.9,128.0,6000.0,6.58,120.0,50.0,vivo t2x 5g
733,76.0,18868.890000000003,64.0,5000.0,6.6,90.0,50.0,motorola moto g52 5g
734,86.0,38848.89000000001,128.0,4200.0,6.5,144.0,50.0,motorola edge 40 5g
735,72.0,92118.9,512.0,5000.0,7.0,120.0,50.0,vivo x note 5g (12gb ram + 512gb)
736,89.0,52168.89000000001,256.0,5000.0,6.7,120.0,50.0,realme gt 2 pro 5g (12gb ram + 256gb)
737,66.0,9433.89,32.0,5000.0,6.51,60.0,13.0,vivo y15c
738,76.0,18868.890000000003,128.0,4000.0,6.7,90.0,64.0,honor x8
739,69.0,12763.89,64.0,5000.0,6.5,60.0,48.0,samsung galaxy a03 (4gb ram + 64gb)
740,88.0,98788.89,256.0,4500.0,6.6,120.0,50.0,samsung galaxy s22 plus 5g (8gb ram + 256gb)
741,81.0,17748.9,128.0,5000.0,6.58,90.0,50.0,vivo y33t
742,83.0,27738.9,128.0,5160.0,6.67,120.0,108.0,xiaomi 11i 5g (8gb ram + 128gb)
743,72.0,88788.90000000001,256.0,5000.0,6.7,120.0,50.0,oppo find x5 pro 5g
744,61.0,6936.39,32.0,5000.0,6.51,60.0,13.0,tecno spark go 2022
745,69.0,13873.89,64.0,5000.0,6.51,60.0,13.0,vivo y21e
746,61.0,7213.89,32.0,5000.0,6.53,60.0,13.0,xiaomi redmi 9a sport
747,86.0,199689.00000000003,1024.0,4352.0,6.7,120.0,12.0,apple iphone 13 pro max (1tb)
748,68.0,13308.9,64.0,5000.0,6.51,60.0,13.0,vivo y12g (3gb ram + 64gb)
749,82.0,29958.9,128.0,4050.0,6.44,60.0,64.0,vivo v23e
750,76.0,14983.89,128.0,6000.0,6.4,90.0,48.0,samsung galaxy f22 (6gb ram + 128gb)
751,72.0,84358.89000000001,256.0,4800.0,6.73,120.0,50.0,xiaomi 12 ultra 5g
752,60.0,6658.89,32.0,5000.0,6.52,60.0,8.0,micromax in 2c
753,67.0,9433.89,32.0,5000.0,6.5,60.0,13.0,samsung galaxy a03s
754,71.0,13308.9,128.0,5000.0,6.51,60.0,13.0,oppo a54 (4gb ram + 128gb)
755,77.0,12198.9,128.0,5000.0,6.43,90.0,48.0,xiaomi redmi 20x
756,72.0,122088.9,256.0,5020.0,8.0,60.0,108.0,xiaomi mi mix fold
757,80.0,18868.890000000003,128.0,5000.0,6.5,90.0,48.0,realme narzo 30 5g
758,70.0,13540.89,64.0,5000.0,6.51,60.0,13.0,oppo a54
759,72.0,12753.9,128.0,4230.0,6.52,60.0,13.0,oppo a15s (4gb ram + 128gb)
760,72.0,6093.900000000001,16.0,4000.0,6.0,60.0,8.0,itel a56
761,74.0,12763.89,64.0,6000.0,6.53,60.0,48.0,xiaomi redmi 9 power
762,88.0,65989.5,128.0,4800.0,6.7,120.0,64.0,samsung galaxy s21 plus
763,76.0,14206.89,64.0,5000.0,6.67,60.0,48.0,poco m2 pro
764,88.0,92130.0,128.0,4500.0,6.7,120.0,64.0,samsung galaxy s20 plus
765,80.0,16083.9,64.0,4300.0,6.6,90.0,64.0,realme 6 pro
766,72.0,92118.9,256.0,4200.0,6.58,90.0,50.0,huawei p40 pro
767,64.0,10533.9,32.0,5000.0,6.35,60.0,13.0,vivo y11 (2019)
768,78.0,27750.000000000004,128.0,3700.0,6.39,60.0,48.0,vivo v15 pro (8gb ram +128gb)
769,65.0,16650.0,64.0,4030.0,6.22,60.0,13.0,vivo y95
770,70.0,23298.9,128.0,3315.0,6.3,60.0,16.0,vivo v11i
771,78.0,38848.89000000001,128.0,3500.0,6.2,60.0,12.0,samsung galaxy s9 plus (128gb)
772,80.0,33298.89,128.0,5000.0,6.73,144.0,50.0,realme gt neo 4t
773,67.0,13318.89,128.0,6000.0,6.51,60.0,13.0,vivo y53t
774,72.0,14428.89,128.0,5000.0,6.5,60.0,50.0,samsung galaxy a04 (4gb ram + 128gb)
776,85.0,32188.890000000003,128.0,5080.0,6.67,120.0,50.0,xiaomi redmi k60i
777,77.0,14428.89,128.0,5000.0,6.78,60.0,50.0,infinix hot 20s
778,82.0,31633.890000000003,256.0,5000.0,6.62,120.0,64.0,realme gt neo 3t (8gb ram + 256gb)
779,83.0,116548.89,512.0,4325.0,6.7,60.0,12.0,apple iphone 14 plus (512gb)
780,77.0,192028.89,1024.0,3200.0,6.1,120.0,48.0,apple iphone 14 pro (1tb)
781,79.0,19968.9,128.0,5100.0,6.73,120.0,64.0,xiaomi redmi 13 prime 5g
782,76.0,15289.14,128.0,5000.0,6.58,90.0,50.0,xiaomi redmi 11 prime (6gb ram + 128gb)
783,64.0,9988.89,64.0,5050.0,6.52,60.0,13.0,nokia c21 plus (4gb ram + 64gb)
784,75.0,21078.9,64.0,5000.0,6.56,90.0,48.0,oneplus nord n300
785,77.0,16648.890000000003,128.0,5000.0,6.8,90.0,48.0,tecno camon 19 neo
786,61.0,8878.890000000001,32.0,5000.0,6.5,60.0,8.0,realme narzo 50i prime
787,85.0,44398.89000000001,128.0,5000.0,6.67,144.0,108.0,xiaomi redmi k50 ultra 5g
788,67.0,13308.9,64.0,5000.0,6.56,60.0,13.0,oppo a57 4g
789,77.0,14428.89,128.0,5000.0,6.7,60.0,50.0,infinix note 12 (6gb ram + 128gb)
790,77.0,61048.89000000001,128.0,4500.0,6.5,60.0,64.0,samsung galaxy s23 fe 5g
791,72.0,27738.9,128.0,6000.0,6.7,60.0,64.0,samsung galaxy m51s 5g
792,88.0,66598.89,256.0,4500.0,6.78,120.0,50.0,vivo x80 5g (12gb ram + 256gb)
793,72.0,22198.890000000003,128.0,5000.0,6.67,120.0,64.0,poco x6 pro 5g
794,79.0,18868.890000000003,128.0,5000.0,6.7,60.0,50.0,infinix note 12 (g96)
795,60.0,16648.890000000003,64.0,6000.0,6.5,60.0,48.0,samsung galaxy m14
796,76.0,33288.9,128.0,4500.0,6.44,90.0,50.0,vivo t2 pro 5g
797,69.0,15528.9,128.0,5000.0,6.58,90.0,50.0,xiaomi redmi 10 prime plus 5g
798,81.0,19978.890000000003,128.0,5000.0,6.67,120.0,108.0,xiaomi redmi note 11 pro 4g
799,73.0,12652.89,64.0,5000.0,6.6,60.0,50.0,realme narzo 50a prime
800,79.0,22188.9,128.0,6000.0,6.58,60.0,50.0,vivo y55s 5g
801,74.0,17203.890000000003,128.0,5000.0,6.51,90.0,50.0,vivo y21t
802,72.0,7768.89,32.0,4800.0,6.8,60.0,13.0,gionee k10
803,77.0,13873.89,128.0,5020.0,6.67,60.0,48.0,xiaomi redmi note 10 lite (4gb ram + 128gb)
804,80.0,102118.89,512.0,3240.0,6.1,60.0,12.0,apple iphone 13 (512gb)
805,71.0,10755.9,64.0,5000.0,6.78,90.0,50.0,infinix hot 11s
806,85.0,36618.9,128.0,4500.0,6.55,120.0,50.0,realme gt explorer master edition
807,87.0,47718.9,128.0,4500.0,6.28,120.0,50.0,xiaomi mi 12 5g
809,82.0,20755.890000000003,128.0,4250.0,6.55,90.0,64.0,xiaomi mi 11 lite (8gb ram + 128gb)
810,76.0,12198.9,128.0,5000.0,6.5,60.0,48.0,realme q3i 5g
811,85.0,34398.9,128.0,4520.0,6.67,120.0,108.0,xiaomi mi 11x pro
812,89.0,66598.89,512.0,5000.0,6.5,144.0,64.0,lenovo legion pro 2
813,83.0,26638.890000000003,128.0,7000.0,6.71,60.0,64.0,samsung galaxy m62
814,69.0,11098.89,128.0,5000.0,6.5,60.0,13.0,realme q2i
815,67.0,10321.89,128.0,5000.0,6.53,60.0,13.0,xiaomi redmi 9i (4gb ram + 128gb)
816,77.0,14417.79,64.0,4300.0,6.5,90.0,64.0,realme 6 (6gb ram + 64gb)
817,72.0,5548.89,16.0,3000.0,5.3,60.0,8.0,samsung galaxy a01 core
818,83.0,33288.9,128.0,4300.0,6.43,60.0,64.0,oppo reno 5
819,72.0,13863.9,128.0,4230.0,6.5,60.0,12.0,oppo a31 2020 (6gb ram + 128gb)
820,75.0,31078.890000000003,128.0,3600.0,6.0,90.0,12.0,sony xperia 10 ii
821,72.0,9100.89,32.0,4030.0,6.22,60.0,13.0,vivo y91c
822,81.0,24408.9,128.0,4200.0,6.4,60.0,48.0,huawei nova 7i
823,73.0,22200.000000000004,128.0,5000.0,6.53,60.0,16.0,vivo y19
824,74.0,13308.9,64.0,5000.0,6.53,60.0,16.0,vivo u3 (6gb ram + 64gb)
825,75.0,13307.79,64.0,5020.0,6.53,60.0,48.0,xiaomi redmi note 9
826,66.0,12753.9,64.0,5000.0,6.22,60.0,12.0,xiaomi redmi 8 (4gb ram + 64gb)
827,68.0,12753.9,64.0,4000.0,6.2,60.0,13.0,motorola one macro
828,67.0,17758.890000000003,64.0,3700.0,6.0,60.0,12.2,google pixel 3a xl
829,69.0,19968.9,64.0,3100.0,5.9,60.0,16.0,samsung galaxy a40
830,86.0,87678.90000000001,256.0,4500.0,6.7,60.0,16.0,samsung galaxy s10 5g
831,66.0,12153.39,64.0,3000.0,5.84,60.0,13.0,huawei honor 9n
832,65.0,11433.000000000002,64.0,4100.0,5.5,60.0,13.0,xiaomi redmi note 4
834,76.0,22188.9,128.0,5000.0,6.67,120.0,64.0,iqoo z9
835,84.0,36618.9,256.0,5000.0,6.67,120.0,64.0,vivo v29
836,77.0,16093.89,128.0,5000.0,6.58,90.0,50.0,poco m5 (6gb ram + 128gb)
837,85.0,46608.9,128.0,4200.0,6.43,90.0,50.0,nokia x30
838,67.0,15528.9,128.0,7000.0,6.82,90.0,16.0,tecno pova neo 2
839,67.0,11643.9,64.0,5000.0,6.51,60.0,13.0,vivo y15c (3gb ram + 64gb)
840,82.0,33288.9,128.0,4000.0,6.67,120.0,50.0,huawei nova 10
841,80.0,53268.9,128.0,5000.0,6.7,60.0,48.0,samsung galaxy a92 5g
842,84.0,22198.890000000003,128.0,4500.0,6.7,120.0,108.0,infinix note 12 vip
843,83.0,33298.89,128.0,4500.0,6.43,120.0,50.0,oneplus nord 4 5g
844,74.0,13185.69,128.0,5000.0,6.6,60.0,50.0,realme narzo 50a prime (4gb ram + 128gb)
845,84.0,32178.9,128.0,4500.0,6.7,120.0,50.0,oneplus ace 5g
846,85.0,44388.9,256.0,4350.0,6.56,120.0,48.0,iqoo 9 5g (12gb ram + 256gb)
847,78.0,17758.890000000003,64.0,5000.0,6.52,90.0,64.0,xiaomi redmi note 12t 5g
848,82.0,25518.9,256.0,4500.0,6.43,60.0,48.0,oppo a96 5g
849,87.0,166498.89,128.0,3360.0,7.2,60.0,64.0,royole flexpai 3 5g
850,75.0,12763.89,128.0,5000.0,6.8,90.0,48.0,tecno camon 18
851,84.0,25528.890000000003,256.0,5000.0,6.7,120.0,50.0,tecno phantom x pro
852,70.0,8878.890000000001,64.0,5000.0,6.6,60.0,50.0,tecno spark 8t
853,82.0,35518.89000000001,128.0,5000.0,6.62,120.0,64.0,realme gt neo2 5g
854,78.0,34398.9,64.0,4500.0,6.0,60.0,12.0,sony xperia 10 iii lite 5g
855,64.0,8878.890000000001,32.0,6000.0,6.52,60.0,13.0,realme g1
856,74.0,12208.89,64.0,7000.0,6.95,60.0,48.0,tecno pova 2
857,79.0,16638.9,128.0,5000.0,6.67,120.0,50.0,poco x4
858,77.0,16093.89,64.0,6000.0,6.78,120.0,64.0,motorola moto g40 fusion
859,86.0,49948.89000000001,128.0,4500.0,6.55,120.0,108.0,oneplus 9t
860,83.0,19978.890000000003,128.0,5000.0,6.4,60.0,64.0,realme 8 (8gb ram + 128gb)
861,83.0,22198.890000000003,128.0,5000.0,6.5,120.0,48.0,realme narzo 30 pro 5g (8gb ram +128gb)
862,72.0,4438.89,8.0,2400.0,5.0,60.0,5.0,itel a23 pro
863,72.0,113218.89,128.0,5000.0,6.8,120.0,108.0,samsung galaxy s21 ultra 5g (12gb ram + 128gb)
864,84.0,42957.00000000001,128.0,4350.0,6.53,90.0,64.0,oppo reno 5 pro 5g
865,73.0,22198.890000000003,64.0,4500.0,6.3,60.0,48.0,oneplus nord se
866,72.0,12208.89,64.0,6000.0,6.5,90.0,48.0,samsung galaxy m12
867,68.0,18858.9,64.0,5000.0,6.52,90.0,13.0,oneplus nord n100
868,66.0,11098.89,32.0,4230.0,6.52,60.0,13.0,oppo a15
869,77.0,16027.29,128.0,5020.0,6.67,60.0,48.0,xiaomi redmi note 9 pro (4gb ram + 128gb)
870,64.0,11088.9,32.0,4230.0,6.22,60.0,13.0,oppo a12
871,85.0,27748.890000000003,128.0,4200.0,6.44,90.0,64.0,realme x50 pro 5g (8gb ram + 128gb)
872,72.0,95448.9,128.0,4500.0,6.7,60.0,64.0,samsung galaxy s20 plus 5g
873,78.0,18868.890000000003,64.0,4500.0,6.53,60.0,64.0,xiaomi redmi note 8 pro
874,72.0,9988.89,16.0,4000.0,6.2,60.0,13.0,realme a1
875,62.0,17748.9,32.0,3200.0,6.0,60.0,13.0,oppo a73
876,72.0,4317.900000000001,32.0,2500.0,5.0,60.0,13.0,lyf earth 2
877,75.0,94338.9,128.0,4532.0,6.71,120.0,12.0,apple iphone 15 plus
878,78.0,24418.890000000003,128.0,5000.0,6.58,60.0,50.0,vivo y55s 2023
879,66.0,9988.89,64.0,5000.0,6.5,60.0,13.0,lava blaze nxt
880,79.0,23308.890000000003,128.0,5000.0,6.83,120.0,50.0,tecno camon 20 premier
881,84.0,36618.9,128.0,4500.0,6.43,90.0,50.0,oppo reno 8 house of dragon edition
882,70.0,10014.42,64.0,5000.0,6.5,90.0,16.0,motorola moto e22s
883,61.0,9322.89,32.0,5000.0,6.52,60.0,8.0,xiaomi redmi a1 plus (3gb ram + 32gb)
884,64.0,11098.89,64.0,5000.0,6.6,60.0,13.0,infinix hot 20i
885,63.0,9312.9,64.0,5000.0,6.6,90.0,13.0,tecno spark 9 (3gb ram + 64gb)
886,82.0,22198.890000000003,128.0,4200.0,6.9,120.0,50.0,zte axon 30s
887,71.0,15538.89,64.0,5000.0,6.5,60.0,50.0,honor x6
888,85.0,33298.89,128.0,4500.0,6.55,120.0,50.0,xiaomi civi 2
889,60.0,9978.9,32.0,3000.0,6.0,60.0,13.0,tcl ion x
890,72.0,182017.8,1024.0,4400.0,7.6,120.0,50.0,samsung galaxy z fold 4 (12gb ram + 1tb)
891,80.0,27738.9,128.0,5000.0,6.55,120.0,50.0,nothing phone 1 lite
892,72.0,66588.90000000001,128.0,4450.0,6.67,144.0,200.0,motorola moto edge x30 pro
893,86.0,53268.9,256.0,4800.0,6.7,120.0,50.0,oneplus ace pro
894,86.0,45498.9,128.0,5000.0,6.7,120.0,50.0,realme gt 2 explorer master edition
895,74.0,25528.890000000003,128.0,6000.0,6.5,60.0,64.0,samsung galaxy m35
896,63.0,14418.9,64.0,5000.0,6.5,60.0,48.0,samsung galaxy a05
897,79.0,16648.890000000003,128.0,5000.0,6.7,60.0,50.0,infinix note 12 turbo
898,86.0,47728.89000000001,128.0,4500.0,6.67,120.0,64.0,poco f5 gt 5g
899,78.0,16648.890000000003,128.0,5000.0,6.58,120.0,50.0,iqoo z8 5g
900,83.0,25518.9,128.0,5000.0,6.44,120.0,50.0,vivo y55 4g
901,72.0,132078.90000000002,512.0,4600.0,8.0,120.0,50.0,vivo x fold 5g (12gb ram + 512gb)
902,81.0,33288.9,128.0,5000.0,6.62,120.0,50.0,oppo k10 pro 5g
903,62.0,8212.890000000001,64.0,5000.0,6.6,90.0,13.0,tecno spark 8c
904,80.0,19978.890000000003,128.0,4200.0,6.67,120.0,50.0,iqoo z7 5g
905,77.0,14206.89,128.0,5000.0,6.7,60.0,50.0,infinix note 11 (6gb ram + 128gb)
906,86.0,29968.890000000003,128.0,4500.0,6.67,120.0,108.0,xiaomi 11i hypercharge 5g (8gb ram + 128gb)
907,82.0,25528.890000000003,128.0,5000.0,6.6,90.0,64.0,samsung galaxy f42 5g (8gb ram + 128gb)
908,84.0,164169.0,1024.0,3095.0,6.1,120.0,12.0,apple iphone 13 pro (1tb)
909,84.0,49948.89000000001,128.0,5050.0,6.8,165.0,64.0,nubia red magic 6s 5g
910,68.0,8646.900000000001,64.0,5000.0,6.52,60.0,13.0,micromax in 2b (6gb ram + 64gb)
911,65.0,11098.89,32.0,5000.0,6.51,60.0,13.0,vivo y12a
912,80.0,25518.9,128.0,4000.0,6.5,90.0,64.0,oppo reno 5a
913,79.0,36628.89000000001,128.0,5065.0,6.67,120.0,64.0,poco f3 gt
914,85.0,36618.9,128.0,4300.0,6.57,120.0,108.0,honor 50
915,74.0,16648.890000000003,128.0,5000.0,6.51,60.0,13.0,oppo a54 (6gb ram + 128gb)
916,74.0,13873.89,64.0,5000.0,6.6,120.0,50.0,realme 8i
917,84.0,44388.9,128.0,4000.0,6.62,120.0,48.0,iqoo 7 legend
918,61.0,7213.89,32.0,5000.0,6.52,60.0,8.0,realme c11 2021
919,76.0,20533.890000000003,128.0,5000.0,6.4,60.0,48.0,samsung galaxy a22
920,85.0,34403.340000000004,128.0,4500.0,6.43,120.0,64.0,realme gt 5g
921,78.0,36628.89000000001,128.0,4620.0,6.34,60.0,16.0,google pixel 5a
922,73.0,11653.89,64.0,6000.0,6.5,90.0,48.0,samsung galaxy f12
923,82.0,22198.890000000003,128.0,6000.0,6.4,60.0,64.0,samsung galaxy f41 (6gb ram + 128gb)
924,75.0,19423.890000000003,128.0,5000.0,6.5,60.0,48.0,samsung galaxy a21s (6gb ram + 128gb)
925,69.0,12198.9,128.0,5000.0,6.53,60.0,13.0,xiaomi redmi 9a (6gb ram + 128gb)
926,82.0,21090.000000000004,128.0,4100.0,6.44,60.0,48.0,vivo v20 se
927,70.0,15528.9,128.0,5000.0,6.5,90.0,13.0,oppo a53 2020 (6gb ram + 128gb)
928,72.0,11653.89,64.0,6000.0,6.5,60.0,48.0,realme narzo 20
929,72.0,6537.900000000001,32.0,4000.0,6.09,60.0,8.0,itel vision 1 (3gb ram + 32gb)
930,61.0,7203.900000000001,32.0,5000.0,6.5,60.0,13.0,realme c11
931,88.0,61048.89000000001,256.0,4780.0,6.67,90.0,108.0,xiaomi mi 10 5g (8gb ram + 256gb)
932,65.0,11088.9,64.0,5000.0,6.5,60.0,13.0,vivo y21 (2020)
933,79.0,27748.890000000003,128.0,4300.0,6.55,90.0,64.0,oneplus z
934,88.0,66588.90000000001,256.0,3730.0,6.5,60.0,48.0,sharp aquos r5g
935,63.0,11088.9,32.0,4000.0,6.4,60.0,13.0,samsung galaxy a11
936,72.0,7768.89,16.0,4000.0,6.1,60.0,13.0,realme c2
937,72.0,187590.00000000003,512.0,4500.0,8.0,60.0,48.0,huawei mate x
938,78.0,44388.9,128.0,3400.0,6.4,60.0,24.0,samsung galaxy a9 pro (2019)
939,70.0,23853.9,64.0,3300.0,6.0,60.0,24.0,samsung galaxy a7 (2018)
940,72.0,14973.9,16.0,2730.0,5.2,60.0,13.0,vivo y55s
941,70.0,8878.890000000001,64.0,5000.0,6.71,60.0,50.0,poco c55
942,67.0,9978.9,64.0,5180.0,6.1,60.0,13.0,blackview bv5200 pro
943,75.0,15538.89,128.0,5000.0,6.75,90.0,50.0,honor x7a
944,72.0,15528.9,128.0,5000.0,6.56,90.0,13.0,oppo a58x
945,84.0,16648.890000000003,128.0,6000.0,6.3,60.0,108.0,doogee s99
946,72.0,7768.89,32.0,4000.0,6.5,60.0,8.0,lava x3
947,87.0,47718.9,128.0,4500.0,6.67,144.0,50.0,motorola edge 40 fusion
948,61.0,7546.89,64.0,5000.0,6.82,60.0,20.0,ikall z18
950,89.0,61048.89000000001,256.0,5000.0,6.43,120.0,50.0,xiaomi 14
951,89.0,55488.9,128.0,5000.0,6.6,144.0,50.0,motorola thinkphone
952,86.0,36618.9,256.0,5000.0,6.7,120.0,64.0,xiaomi civi 3
953,64.0,9679.2,64.0,5000.0,6.5,60.0,8.0,realme narzo 50i prime (4gb ram + 64gb)
954,89.0,77688.90000000001,256.0,4700.0,6.73,120.0,50.0,oppo find x6
955,72.0,5313.570000000001,32.0,3020.0,5.0,60.0,2.0,itel a23s
956,80.0,78798.90000000001,256.0,5000.0,6.73,120.0,50.0,google pixel 8 pro
957,72.0,133188.90000000002,256.0,4800.0,8.0,120.0,50.0,vivo x fold 2
958,83.0,38838.9,128.0,5000.0,6.67,120.0,64.0,motorola moto edge s30 pro
959,75.0,16638.9,128.0,5000.0,6.5,60.0,48.0,honor x8 5g
960,85.0,32178.9,256.0,5080.0,6.6,144.0,64.0,poco x4 gt 5g (8gb ram + 256gb)
961,80.0,22188.9,128.0,5000.0,6.8,60.0,108.0,motorola moto g91 5g
962,74.0,27738.9,128.0,5000.0,6.5,60.0,64.0,samsung galaxy m52s 5g
